city_name_normalized,station_name,uic_code
abancourt,Abancourt,87313759
abbaretz,Abbaretz,87481614
abbeville,Abbeville,87317362
ablon,Ablon-sur-Seine,87545269
acheres grand cormier,Achères Grand Cormier,87386052
acheres ville,Achères Ville,87381657
achiet,Achiet-le-Grand,87342048
aeroport charles de gaulle 1,Aéroport Charles de Gaulle 1,87271460
aeroport charles de gaulle 2 tgv,Aéroport Charles de Gaulle 2 TGV,87001479;87271494
agay,Agay,87757559
agde,Agde,87781278
agen,Agen,87586008
agonac,Agonac,87595157
aguilcourt,Aguilcourt - Variscourt,87171702
aigrefeuille le thou,Aigrefeuille le Thou,87485193
aiguebelette,Aiguebelette-le-Lac,87741421
aiguebelle,Aiguebelle,87741256
aigueperse,Aigueperse,87734129
aigues,Aigues-Mortes,87775858
aiguillon,Aiguillon,87586693
aillevillers,Aillevillers,87185629
ailly,Ailly-sur-Noye,87313221
ailly,Ailly-sur-Somme,87313098
aimargues,Aimargues,87775833
aime,Aime - La Plagne,87741769
aiserey,Aiserey,87713636
aix,Aix-les-Bains le Revard,87741132
aix-les-bains,Aix-les-Bains le Revard,87741132
aix-en-provence,Aix-en-Provence TGV,87319012
aix-en-provence,Aix-en-Provence,87751404
aixe,Aixe-sur-Vienne,87592667
alai,Alaï,87722744
albens,Albens,87746115
albert,Albert,87313072
albertville,Albertville,87741645
albi,Albi,87615005
albi madeleine,Albi Madeleine,87615195
albias,Albias,87613398
albigny,Albigny - Neuville,87721266
alençon,Alençon,87444711
ales,Alès,87775288
allassac,Allassac,87594234
allee de la tour rendez,Allée de la Tour Rendez-Vous,87113878
allee royale,Allée Royale,87710913
allenc,Allenc,87783654
alleyras,Alleyras,87731885
altkirch,Altkirch,87182238
amagne,Amagne - Lucquy,87172262
ambazac,Ambazac,87592311
amberieu,Ambérieu-en-Bugey,87743716
amboise,Amboise,87574343
ambronay,Ambronay - Priay,87743146
amiens,Amiens,87313874
amifontaine,Amifontaine,87171744
amilly ouerray,Amilly Ouerray,87394205
amplepuis,Amplepuis,87721035
ancenis,Ancenis,87481192
anchamps,Anchamps,87172858
anche,Anché - Voulon,87575332
ancy,Ancy-sur-Moselle,87192419
andelot,Andelot-en-Montagne,87715102
andorre,Andorre – l’Hospitalet,87611517
andresy,Andrésy,87381491
andrezieux,Andrézieux-Bouthéon,87726406
angers,Angers Saint-Laud,87484006
angers,Angers Maître École,87484048
angerville,Angerville,87543090
angouleme,Angoulême,87583005
angoulins sur mer,Angoulins sur Mer,87485102
anizy,Anizy - Pinon,87296566
annappes,Annappes,87286856
annecy,Annecy,87746008
annemasse,Annemasse,87745497
anor,Anor,87295055
anse halte,Anse Halte,87721324
antheor cap roux,Anthéor Cap Roux,87757567
antibes,Antibes,87757674
anvin,Anvin,87317255
apach,Apach,87191643
appilly,Appilly,87296459
arbanats,Arbanats,87582726
arbois,Arbois,87718155
arc,Arc-et-Senans,87718841
arcachon,Arcachon,87582668
arches,Arches,87144410
arcy,Arcy-sur-Cure,87683680
arenc euromediterranee,Arenc Euroméditerranée,87580340
arengosse,Arengosse,87671479
argeles,Argelès-sur-Mer,87784231
argentan,Argentan,87444539
argenteuil,Argenteuil,87381848
argentiere,Argentière,87746859
argenton,Argenton-sur-Creuse,87597120
arles,Arles,87753657
arleux,Arleux,87345421
armentieres,Armentières,87286146
arnage,Arnage,87396549
arneke,Arnèke,87281121
arpajon,Arpajon,87545467
arras,Arras,87342014
arrou,Arrou,87394486
ars,Ars-sur-Moselle,87192401
artenay,Artenay,87543058
artix,Artix,87672212
arvant,Arvant,87734251
ascq,Ascq,87286864
asnieres,Asnières-sur-Seine,87381137
aspres,Aspres-sur-Buëch,87763250
assat,Assat,87672162
assier,Assier,87613075
athis,Athis-Mons,87545251
aubagne,Aubagne,87751750
aubazines,Aubazines - Saint-Hilaire,87594465
aubergenville elisabethville,Aubergenville Élisabethville,87386730
aubiat,Aubiat,87734111
aubie,Aubie - Saint-Antoine,87491233
aubiet,Aubiet,87611764
aubigne,Aubigné-Racan,87396572
aubigny,Aubigny-au-Bac,87345447
aubigny,Aubigny-en-Artois,87342246
aubin,Aubin,87613224
aubin,Aubin-Saint-Vaast,87316604
auboue,Auboué,87191684
aubrives,Aubrives,87172122
auch,Auch,87611749
auchy,Auchy-lès-Hesdin,87317230
audrieu,Audrieu,87444059
audruicq,Audruicq,87281428
audun,Audun-le-Roman,87194357
auffay,Auffay,87415158
aulnat aeroport,Aulnat Aéroport,87562421
aulnay,Aulnay-sous-Bois,87271411
aulnoye,Aulnoye-Aymeries,87295600
aumale,Aumale,87313767
aumont,Aumont-Aubrac,87783266
auneau,Auneau,87545657
auray,Auray,87476200
aurec,Aurec-sur-Loire,87726760
aurillac,Aurillac,87645002
auterive,Auterive,87611384
auvers,Auvers-sur-Oise,87276543
auxerre saint,Auxerre Saint-Gervais,87683573
auxonne,Auxonne,87713347
avallon,Avallon,87683789
avenay,Avenay,87171579
avenue du president kennedy maison de radio france,Avenue du Président Kennedy Maison de Radio France,87543207
avenue foch,Avenue Foch,87381038
avenue henri martin,Avenue Henri Martin,87381046
avesnelles,Avesnelles,87295725
avesnes,Avesnes-sur-Helpe,87295733
avignon centre,Avignon Centre,87765008
avignon tgv,Avignon TGV,87318964;87981902
avignonet,Avignonet-Lauragais,87616011
avion,Avion,87342584
avord,Avord,87576439
avoudrey,Avoudrey,87718551
avranches,Avranches,87448514
avrechy,Avrechy,87313296
ax,Ax-les-Thermes,87611533
ay,Ay,87171561
aytre plage,Aytré Plage,87437806
azay,Azay-le-Rideau,87571638
azay,Azay-sur-Cher,87574442
azerailles,Azerailles,87141408
babiniere,Babinière,87590349
baccarat,Baccarat,87141416
bagnac,Bagnac-sur-Célé,87613604
bagneaux,Bagneaux-sur-Loing,87684191
bagnols,Bagnols - Chadenet,87783647
bagnols,Bagnols-sur-Cèze,87764571
baillargues,Baillargues,87773457
bailleau,Bailleau-le-Pin,87394411
bailleul,Bailleul,87286179
bailleul,Bailleul-Sir-Berthoult,87342592
bailly,Bailly,87710780
bains,Bains-les-Bains,87144147
baisieux,Baisieux,87286872
balagny saint,Balagny Saint-Épin,87313569
balbigny,Balbigny,87726869
ballan,Ballan-Miré,87571604
ballancourt,Ballancourt-sur-Essonne,87681437
balsieges,Balsièges,87111864
banassac,Banassac - La Canourgue,87783324
bandol,Bandol,87755223
bannalec,Bannalec,87474189
bantzenheim,Bantzenheim,87182840
banyuls,Banyuls-sur-Mer,87784298
bar,Bar-le-Duc,87175042
bar,Bar-sur-Aube,87118299
baraqueville carcenac peyrales,Baraqueville Carcenac Peyralès,87615757
barentin,Barentin,87411264
barjac,Barjac,87783563
baroncourt,Baroncourt,87192658
barr,Barr,87214247
barsac,Barsac,87582759
bartenheim,Bartenheim,87182113
bas,Bas - Monistrol-sur-Loire,87726778
bas evette,Bas Évette,87184200
base aerienne,Base Aérienne,87699223
basse,Basse-Ham,87191601
bassens,Bassens,87581850
batz,Batz-sur-Mer,87481770
baule,Baule,87574152
baume,Baume-les-Dames,87718460
bauvin,Bauvin - Provin,87345280
bayeux,Bayeux,87444067
bayon,Bayon,87141218
bayonne,Bayonne,87673004
bazancourt,Bazancourt,87171462
baziege,Baziège,87611723
beard,Béard,87696468
beau marais,Beau Marais,87317610
beaucaire,Beaucaire,87775023
beaugency,Beaugency,87574160
beaulieu,Beaulieu-sur-Mer,87756379
beaumont,Beaumont-le-Roger,87387183
beaune,Beaune,87713545
beaurainville,Beaurainville,87317198
beautiran,Beautiran,87582700
beauvais,Beauvais,87313510
beauvoir,Beauvoir-sur-Niort,87485342
beauvoisin,Beauvoisin,87775809
becon les bruyeres,Bécon les Bruyères,87382002
bedarieux,Bédarieux,87781609
bedarrides,Bédarrides,87765198
bedous,Bedous,87672774
begles,Bègles,87581801
beillant,Beillant,87491076
belfort,Belfort - Montbéliard TGV,87300822
belfort,Belfort,87184002
bellac,Bellac,87592485
belle-isle,Belle-Isle - Bégard,87473165
bellegarde,Bellegarde-sur-Valserine,87745000
bellenaves,Bellenaves,87641068
bellevigny,Bellevigny,87486142
belleville,Belleville,87141804
belleville sur saone,Belleville sur Sâone,87721357
bellevue,Bellevue,87393116
bellignat,Bellignat,87743526
belloy,Belloy - Saint-Martin,87276550
belves,Belvès,87595876
belvezet,Belvezet,87783670
belz,Belz - Ploemel,87476408
benesse,Bénesse-Maremne,87673285
benestroff,Bénestroff,87192302
benfeld,Benfeld,87214122
bengy,Bengy-sur-Craon,87576447
bening,Béning-lès-Saint-Avold,87193250
bergerac,Bergerac,87584268
bergues,Bergues,87281105
berlaimont,Berlaimont,87295808
bernay,Bernay,87444299
bersac,Bersac-sur-Rivalier,87592352
berthelming,Berthelming,87215335
bertrichamps,Bertrichamps,87141424
bertry,Bertry,87345553
besançon,Besançon Franche-Comté TGV,87300863
besançon,Besançon Mouillère,87718015
besançon,Besançon Viotte,87718007
besle,Beslé,87471219
bessancourt,Bessancourt,87276642
bessay,Bessay-sur-Allier,87696336
betaille,Bétaille,87594747
bethune,Béthune,87342006
betton,Betton,87471045
beuvrages,Beuvrages,87343160
beuvry les bethune,Beuvry lès Béthune,87342402
beynes,Beynes,87393363
beynost,Beynost,87723544
beziers,Béziers,87781005
biache,Biache-Saint-Vaast,87342097
biarritz,Biarritz,87673400
bibliotheque françois mitterrand,Bibliothèque François Mitterrand,87328328
bidarray pont noblia,Bidarray Pont Noblia,87673699
bidos,Bidos,87691949
bievres,Bièvres,87393546
biganos facture,Biganos Facture,87582478
bigny,Bigny,87576306
billy,Billy-Montigny,87345140
biot,Biot,87757690
bischheim,Bischheim,87212308
bischoffsheim,Bischoffsheim,87214296
bischwiller,Bischwiller,87213611
bitschwiller,Bitschwiller-lès-Thann,87182576
blainville,Blainville - Damelevières,87141135
blaisy,Blaisy-Bas,87713073
blangy,Blangy-sur-Bresle,87313809
blangy,Blangy-sur-Ternoise,87317248
blanquefort,Blanquefort,87581728
blanzy,Blanzy,87694612
blere,Bléré - La Croix,87574475
blois,Blois - Chambord,87574004
blonville-sur-mer,Blonville-sur-Mer - Benerville,87444380
boen,Boën-sur-Lignon,87726471
bogny,Bogny-sur-Meuse,87172049
bohain,Bohain-en-Vermandois,87296269
boigneville,Boigneville,87684407
bois,Bois-Colombes,87381079
bois,Bois-le-Roi,87682203
bois-d'oingt,Bois-d'Oingt - Légny,87721787
boisleux,Boisleux-au-Mont,87342071
boisseaux,Boisseaux,87543082
boisset,Boisset,87645184
boissise,Boissise-le-Roi,87682518
boissy,Boissy-l'Aillerie,87381152
bollene la croisiere,Bollène La Croisière,87764357
bollwiller,Bollwiller,87182709
bologne,Bologne,87142224
bondy,Bondy,87113407
bonnemain,Bonnemain,87478065
bonneval,Bonneval,87545731
bonneville,Bonneville,87746339
bonnieres,Bonnières-sur-Seine,87415893
bons,Bons-en-Chablais,87745596
bonson,Bonson,87726414
boran,Boran-sur-Oise,87276444
bordeaux,Bordeaux Saint-Jean,87581009
bords,Bords,87491019
bornel,Bornel - Belle-Église,87276717
bouaye,Bouaye,87481200
boucau,Boucau,87673095
bouchain,Bouchain,87345389
boucoiran,Boucoiran-et-Nozières,87775346
bouffemont,Bouffémont - Moisselles,87276485
bougival,Bougival,87382440
boulainvilliers,Boulainvilliers,87543181
boulazac,Boulazac,87725473
boulogne,Boulogne-sur-Mer,87317586
boulogne tintelleries,Boulogne Tintelleries,87317016
boulouris sur mer,Boulouris sur Mer,87757534
bouray,Bouray,87545178
bourbourg,Bourbourg,87281279
bourg,Bourg-Bruche,87214775
bourg,Bourg-en-Bresse,87743005
bourg,Bourg-Madame,87784876
bourg,Bourg-Saint-Maurice,87741793
bourges,Bourges,87576207
bourgneuf,Bourgneuf-en-Retz,87481242
bourgoin,Bourgoin-Jallieu,87723429
bourgtheroulde,Bourgtheroulde - Thuit-Hébert,87415323
bournezeau,Bournezeau,87486324
bourron-marlotte,Bourron-Marlotte - Grez,87684118
boussay,Boussay - La Bruffière,87481176
boussens,Boussens,87611095
boussy,Boussy-Saint-Antoine,87682138
boutheon,Bouthéon,87726216
boutigny,Boutigny-sur-Essonne,87681478
boves,Boves,87313213
bram,Bram,87615054
branderion,Brandérion,87476242
brassac-les-mines,Brassac-les-Mines - Sainte-Florine,87734244
brax,Brax - Léguevin,87611822
brazey,Brazey-en-Plaine,87713644
breaute,Bréauté - Beuzeville,87413344
brebieres,Brebières,87345108
breitenbach,Breitenbach,87182659
brelidy,Brélidy - Plouëc,87473827
bressuire,Bressuire,87487249
brest,Brest,87474007
breteil,Breteil,87471102
bretenoux,Bretenoux - Biars,87594762
breteuil,Breteuil,87313247
bretigny,Bretigny - Norges,87712265
bretigny,Brétigny-sur-Orge,87545194
bretoncelles,Bretoncelles,87394270
bretteville,Bretteville - Norrey,87444042
breuil,Breuil - Romain,87171322
breuillet,Breuillet - Bruyères-le-Châtel,87545483
breuillet village,Breuillet Village,87545491
breval,Bréval,87381624
briançon,Briançon,87763607
briare,Briare,87696088
brignac,Brignac,87592063
brignais,Brignais,87722728
brignoud,Brignoud,87747451
brimeux,Brimeux,87317180
brion,Brion - Montréal-la-Cluse,87131961
brionne,Brionne,87415364
brioude,Brioude,87734269
briouze,Briouze,87448084
brive,Brive-la-Gaillarde,87594002
broons,Broons,87473074
brou,Brou,87394452
broye,Broye,87694166
bruges,Bruges,87581736
brumath,Brumath,87212134
brunemont,Brunémont,87345439
brunoy,Brunoy,87682120
bruyeres,Bruyères,87144154
bruyeres,Bruyères-sur-Oise,87276451
bruz,Bruz,87471037
bueil,Bueil,87387092
bugeat,Bugeat,87592162
buire,Buire-sur-l'Ancre,87316067
bully,Bully - Grenay,87342105
buno,Buno - Gironville,87681510
busigny,Busigny,87296244
bussac,Bussac-Forêt,87491191
busseau sur creuse,Busseau sur Creuse,87597708
bussiere,Bussière-Galant,87592741
buzy en bearn,Buzy en Béarn,87672634
byans,Byans-sur-Doubs,87718122
cadaujac,Cadaujac,87582684
caen,Caen,87444000
caffiers,Caffiers,87317321
cagnes,Cagnes-sur-Mer,87756320
cahors,Cahors,87613000
calais,Calais,87317263
calais,Calais - Fréthun,87281071
callac,Callac,87473546
calonne,Calonne-Ricouart,87342543
cambo,Cambo-les-Bains,87673657
cambrai,Cambrai,87345520
campagnac,Campagnac - Saint-Geniez,87783340
cannes,Cannes,87757625
cannes la bocca,Cannes La Bocca,87757617
cantin,Cantin,87345413
cap,Cap-d'Ail,87756395
capdenac,Capdenac,87613109
capvern,Capvern,87671156
carbonne,Carbonne,87611061
carcassonne,Carcassonne,87615286
carentan,Carentan,87447243
carhaix,Carhaix-Plouguer,87473504
carignan,Carignan,87172353
carmaux,Carmaux,87615625
carnoet,Carnoët - Locarn,87473561
carnoles,Carnoles,87756478
carnoules,Carnoules,87755371
carpentras,Carpentras,87765735
carry,Carry-le-Rouet,87753566
casino lacroix laval,Casino Lacroix Laval,87208553
cassel,Cassel,87281139
cassis,Cassis,87751776
castelnau,Castelnau-d'Estrétefonds,87611665
castelnaudary,Castelnaudary,87615039
castelsarrasin,Castelsarrasin,87611897
castillon,Castillon-la-Bataille,87584136
castres,Castres,87615468
cattenieres,Cattenières,87345587
cauderan merignac,Caudéran Mérignac,87581538
caudrot,Caudrot,87582841
caudry,Caudry,87345561
caulnes,Caulnes,87473066
caussade,Caussade,87613356
cavaillon,Cavaillon,87765503
cavignac,Cavignac,87491217
cazeres,Cazères,87611079
ceilhes,Ceilhes - Roqueredonde,87781542
cenon,Cenon,87581595
cerbere,Cerbère,87785006
cercottes,Cercottes,87543033
cercy,Cercy-la-Tour,87696492
cergy le haut,Cergy le Haut,87382655
cergy prefecture,Cergy Préfecture,87381905
cergy saint,Cergy Saint-Christophe,87382499
cerizay,Cerizay,87487280
cernay (haut,Cernay (Haut-Rhin),87182410
cernay (val,Cernay (Val-d'Oise),87276063
cerons,Cérons,87582742
cessieu,Cessieu,87723452
cesson,Cesson,87682161
cesson,Cesson-Sévigné,87334490
ceyzeriat,Ceyzériat,87743302
chabenet,Chabenet,87597112
chabons,Châbons,87747212
chabris,Chabris,87576223
chagny,Chagny,87713578
chaingy fourneaux plage,Chaingy Fourneaux Plage,87574111
chalais,Chalais,87583690
challans,Challans,87481390
chalon,Chalon-sur-Saône,87725002
chalonnes,Chalonnes-sur-Loire,87484204
chalons,Châlons-en-Champagne,87174003
chamalieres,Chamalières-sur-Loire,87734731
chamarande,Chamarande,87545152
chambery,Chambéry - Challes-les-Eaux,87741009
chambly,Chambly,87276725
chamborigaud,Chamborigaud,87775221
chambourg,Chambourg-sur-Indre,87571463
chamelet,Chamelet,87721829
chamonix,Chamonix-Mont-Blanc,87746784
chamonix aiguille du midi,Chamonix Aiguille du Midi,87462085
chamousset,Chamousset,87741231
champ de courses d'enghien,Champ de Courses d'Enghien,87276030
champ de mars tour eiffel,Champ de Mars Tour Eiffel,87393058
champagne,Champagne-Ardenne TGV,87171926
champagne,Champagne-sur-Oise,87276519
champagne,Champagne-sur-Seine,87682450
champagne,Champagné,87396275
champagney,Champagney,87185348
champagnole,Champagnole,87715326
champagnole paul,Champagnole Paul-Émile Victor,87352047
champbenoist,Champbenoist - Poigny,87115873
champigneulles,Champigneulles,87141085
champigny sur yonne,Champigny sur Yonne,87683128
champlan,Champlan,87725457
champs,Champs - Saint-Bris,87683615
champtoce,Champtocé-sur-Loire,87484352
chanac,Chanac,87783530
changis,Changis - Saint-Jean,87116509
chanteloup,Chanteloup-les-Vignes,87381475
chantenay,Chantenay,87481051
chantenay,Chantenay-Saint-Imbert,87696302
chantilly,Chantilly - Gouvieux,87276113
chantonnay,Chantonnay,87486332
chapeauroux,Chapeauroux,87734343
chaponost,Chaponost,87722710
chaponval,Chaponval,87276162
charbonnieres,Charbonnières-les-Bains,87721530
charleville,Charleville-Mézières,87172007
charmes,Charmes,87144055
chars,Chars,87381194
chartres,Chartres,87394007
chartrettes,Chartrettes,87682419
chasse,Chasse-sur-Rhône,87722561
chasseneuil,Chasseneuil-du-Poitou,87575225
chasserades,Chasseradès,87775148
chateau,Château-Arnoux-Saint-Auban,87751230
chateau,Château-du-Loir,87396606
chateau,Château-Gaillard,87543066
chateau,Château-l'Évêque,87595165
chateau,Château-Renault,87574665
chateau,Château-Thierry,87116582
chateaubourg,Châteaubourg,87471524
chateaubriant,Châteaubriant,87481648;87590372
chateaudun,Châteaudun,87545756
chateaulin,Châteaulin,87474064
chateauneuf,Châteauneuf - Bujaleuf,87592105
chateauneuf,Châteauneuf-sur-Charente,87491506
chateauneuf,Châteauneuf-sur-Cher,87576298
chateauroux,Châteauroux,87597005
chatel,Châtel - Nomexy,87144071
chatel,Châtel-Censoir,87696856
chatelaillon,Châtelaillon-Plage,87485110
chatelaudren,Châtelaudren - Plouagat,87473140
chatellerault,Châtellerault,87575142
chatillon d'azergues,Châtillon d'Azergues,87721753
chauffailles,Chauffailles,87694778
chaugey,Chaugey,87712679
chaulnes,Chaulnes,87313478
chaumont,Chaumont,87142000
chaumont,Chaumont-en-Vexin,87381228
chauny,Chauny,87296616
chaux,Chaux-des-Crotenay,87715383
chaville,Chaville - Vélizy,87393173
chaville rive droite,Chaville Rive Droite,87382333
chaville rive gauche,Chaville Rive Gauche,87393207
chazay,Chazay - Marcilly,87721415
chedde,Chedde,87746701
cheilly,Cheilly-lès-Maranges,87694398
chelles,Chelles - Gournay,87116111
chemille,Chemillé-en-Anjou,87484246
chemilly,Chemilly - Appoigny,87683532
chemin d'antony,Chemin d'Antony,87546317
chenevieres,Chenevières,87141382
chenonceaux,Chenonceaux,87574491
cherbourg,Cherbourg-en-Cotentin,87444877
chessy,Chessy,87721761
chevaigne,Chevaigné,87471458
chevillon,Chevillon,87175117
chevilly,Chevilly,87543041
chevrieres,Chevrières,87276311
chezy,Chézy-sur-Marne,87116574
chilly,Chilly-Mazarin,87393637
chindrieux,Chindrieux,87741116
chinon,Chinon,87571687
chirac,Chirac,87783290
chissay,Chissay-en-Touraine,87574848
chocques,Chocques,87342220
choisy,Choisy-le-Roi,87545285
cholet,Cholet,87484303
chorges,Chorges,87763425
chouzy,Chouzy-sur-Cisse,87574301
cinq,Cinq-Mars-la-Pile,87571836
cintegabelle,Cintegabelle,87611376
cires,Cires-lès-Mello,87313551
ciry,Ciry-le-Noble,87694646
civrieux,Civrieux-d'Azergues,87721746
cize,Cize - Bolozon,87743344
clacy,Clacy - Mons,87296178
clamart,Clamart,87391565
clamecy,Clamecy,87696807
clelles,Clelles - Mens,87747626
cleres,Clères,87411819
clermont de l'oise,Clermont de l'Oise,87313304
clermont la pardieu,Clermont La Pardieu,87782607
clermont la rotonde,Clermont La Rotonde,87396895
clermont-ferrand,Clermont-Ferrand,87734004
clerval,Clerval,87184622
clichy,Clichy - Levallois,87381129
clisson,Clisson,87481440
cloyes,Cloyes-sur-le-Loir,87574509
cluses,Cluses,87746370
coarraze,Coarraze - Nay,87672139
coat guegan,Coat Guégan,87473579
cognac,Cognac,87491449
coignieres,Coignières,87393272
collioure,Collioure,87784256
collonges,Collonges - Fontaines,87721225
collonges,Collonges-lès-Premières,87713321
colmar,Colmar,87182014
colmar mesanges,Colmar Mésanges,87402297
colmar saint,Colmar Saint-Joseph,87181222
colombes,Colombes,87381087
colombier,Colombier-Fontaine,87184556
colomiers,Colomiers,87611467
colomiers lycee international,Colomiers Lycée International,87611921
combourg,Combourg,87478057
combs-la-ville,Combs-la-Ville - Quincy,87682146
commentry,Commentry,87641415
commercy,Commercy,87175257
compans,Compans,87272047
compiegne,Compiègne,87276691
conches,Conches-en-Ouche,87387159
condat,Condat - Le Lardin,87594382
conde,Condé-sur-Huisne,87394288
conflans,Conflans - Jarny,87192666
conflans,Conflans-Sainte-Honorine,87381897
conflans fin d'oise,Conflans Fin d'Oise,87381459
conlie,Conlie,87396218
connerre,Connerré - Beillé,87396309
contrexeville,Contrexéville,87144287
corbehem,Corbehem,87345116
corbeil,Corbeil-Essonnes,87681007
corbie,Corbie,87313056
corbigny,Corbigny,87696617
corcy,Corcy,87272286
cordemais,Cordemais,87481820
cordes,Cordes - Vindrac,87613802
corgoloin,Corgoloin,87713537
cormeilles,Cormeilles-en-Parisis,87381863
cormery,Cormery,87571430
cornil,Cornil,87594481
coron de mericourt,Coron de Méricourt,87345132
corps,Corps-Nuds,87471326
correze,Corrèze,87594119
corseul,Corseul - Languenan,87478180
cosne,Cosne-Cours-sur-Loire,87696146
coucy,Coucy-lès-Eppes,87171769
coudekerque,Coudekerque-Branche,87281402
coueron,Couëron,87481804
couffoulens,Couffoulens - Leuc,87615120
couilly,Couilly - Saint-Germain - Quincy,87116731
coulanges,Coulanges-sur-Yonne,87696831
coulommiers,Coulommiers,87116301
courbevoie,Courbevoie,87382200
courcay,Courcay - Tauxigny,87571448
courcelles,Courcelles-le-Comte,87342063
courcelles,Courcelles-sur-Nied,87192211
courcy,Courcy - Brimont,87171710
coursan,Coursan,87781161
courtalain,Courtalain - Saint-Pellerin,87394494
courthezon,Courthézon,87765180
courville,Courville-sur-Eure,87394221
cousance,Cousance,87718270
coutances,Coutances,87447110
coutras,Coutras,87584516
couzon,Couzon-au-Mont-d'Or,87721241
cramoisy,Cramoisy,87313544
cransac,Cransac,87613232
cravant,Cravant - Bazarnes,87683649
creches,Crêches-sur-Saône,87725713
crecy,Crécy-la-Chapelle,87116772
creil,Creil,87276006
crepieux la pape,Crépieux la Pape,87723502
crepy,Crépy - Couvron,87296152
crepy,Crépy-en-Valois,87271593
crest,Crest,87761783
creteil pompadour,Créteil Pompadour,87608802
croix,Croix - Wasquehal,87286716
croix du prince,Croix du Prince,87672600
croix l'allumette,Croix L'Allumette,87281055
croix sainte,Croix Sainte,87753491
cros de cagnes,Cros de Cagnes,87756338
crouy,Crouy,87271874
crouy,Crouy-sur-Ourcq,87116640
cubzac,Cubzac-les-Ponts,87491266
cuers,Cuers - Pierrefeu,87755355
cugand,Cugand,87481457
cuinchy,Cuinchy,87342410
culmont,Culmont - Chalindrey,87142125
culoz,Culoz,87741074
dachstein,Dachstein,87214551
dambach,Dambach-la-Ville,87214213
damiatte,Damiatte - Saint-Paul,87615484
dammartin,Dammartin - Juilly - Saint-Mard,87271536
dange,Dangé-Saint-Romain,87575126
danjoutin,Danjoutin,87700146
dannemarie,Dannemarie,87182253
dannemarie,Dannemarie - Velesmes,87718312
dannes,Dannes - Camiers,87317081
daours,Daours,87315044
dardilly le jubin,Dardilly Le Jubin,87721449
dardilly les mouilles,Dardilly Les Mouilles,87721480
darsac,Darsac,87734673
dax,Dax,87673202
decize,Decize,87696484
degagnac,Dégagnac,87613174
delle,Delle,87184440
deluz,Deluz,87718429
denain,Denain,87343459
dettwiller,Dettwiller,87212183
deuil,Deuil - Montmagny,87276345
deville,Deville,87172064
die,Die,87761841
diemeringen,Diemeringen,87215665
dieppe,Dieppe,87415018
dieulouard,Dieulouard,87141812
dieupentale,Dieupentale,87611681
digoin,Digoin,87694695
dijon,Dijon,87713040
dijon,Dijon Porte Neuve,87713008
dinan,Dinan,87478164
dinge,Dingé,87478040
dirinon,Dirinon,87474015
dissay,Dissay,87575191
dives,Dives-sur-Mer Port Guillaume,87337378
dives-sur-mer,Dives-sur-Mer - Cabourg,87444414
dol,Dol-de-Bretagne,87478073
dole,Dole,87713412
dombasle,Dombasle-sur-Meurthe,87141119
domblans,Domblans - Voiteur,87718213
domfront,Domfront-en-Champagne,87396200
dommartin,Dommartin - Lissieu,87721738
dommartin,Dommartin - Remiencourt,87316109
domont,Domont,87276436
dompierre,Dompierre-sur-Helpe,87295774
dompierre sept fons,Dompierre Sept Fons,87696427
don,Don - Sainghin,87286435
donchery,Donchery,87172239
donges,Donges,87481721
donjeux,Donjeux,87142273
donzere,Donzère,87764290
dordives,Dordives,87684233
dorlisheim,Dorlisheim,87214338
dormans,Dormans,87171512
douai,Douai,87345009
dourdan,Dourdan,87545525
dourdan la foret,Dourdan La Forêt,87540179
dourges,Dourges,87345165
drancy,Drancy,87271403
drap,Drap - Cantaron,87756775
dreffeac,Drefféac,87476770
dreuil,Dreuil-lès-Amiens,87316075
dreux,Dreux,87393488
drusenheim,Drusenheim,87212357
druye,Druye,87571612
dugny,Dugny - La Courneuve T11,87697342
dunkerque,Dunkerque,87281006
duppigheim,Duppigheim,87214536
durtol,Durtol - Nohanent,87641449
duttlenheim,Duttlenheim,87214544
ebblinghem,Ebblinghem,87281469
ebersheim,Ebersheim,87214106
echirolles,Échirolles,87725895
ecole,École-Valentin,87710731
ecommoy,Écommoy,87396564
ecouen,Écouen - Ézanville,87276394
ecully,Ecully - Tassin,87721506
egletons,Égletons,87594168
egly,Égly,87545475
eguzon,Éguzon-Chantôme,87597153
eichhoffen,Eichhoffen,87214239
einvaux,Einvaux,87141200
elbeuf,Elbeuf - Saint-Aubin,87411173
elne,Elne,87784207
eloyes,Éloyes,87144436
embrun,Embrun,87763466
emerainville,Émerainville - Pontault-Combault,87116046
enghien,Enghien-les-Bains,87276022
ennevelin,Ennevelin,87287276
entraigues,Entraigues-sur-la-Sorgue,87765826
entzheim aeroport,Entzheim Aéroport,87214528
epanvilliers,Épanvilliers,87575357
epernay,Épernay,87171553
epernon,Épernon,87394114
epfig,Epfig,87214221
epierre,Épierre - Saint-Léger,87741280
epinal,Épinal,87144006
epinay,Épinay - Villetaneuse,87271122
epinay,Épinay - Villetaneuse T11,87697300
epinay,Épinay-sur-Orge,87545228
epinay,Épinay-sur-Seine,87271148
epinay,Épinay-sur-Seine T11,87697292
epluches,Épluches,87276147
epone,Épône - Mézières,87386763
eragny,Éragny - Neuville,87381418
erdre active,Erdre Active,87590356
ermont,Ermont - Eaubonne,87534131;87276055
ermont halte,Ermont Halte,87276584
erstein,Erstein,87214148
esbly,Esbly,87116327
escalquens,Escalquens,87611707
escaudœuvres,Escaudœuvres,87345496
esches,Esches,87272096
esquelbecq,Esquelbecq,87281113
essonnes robinson,Essonnes Robinson,87681601
estrees,Estrées-Saint-Denis,87313387
estressin,Estressin,87722579
esvres sur indre,Esvres sur Indre,87571422
etain,Étain,87175794
etainhus,Étainhus - Saint-Romain,87413328
etalans,Étalans,87718536
etampes,Étampes,87545137
etang,Étang-sur-Arroux,87694141
etaples,Étaples - Le Touquet,87317065
etigny,Étigny - Véron,87683201
etival,Étival-Clairefontaine,87144642
etrechy,Étréchy,87545145
etriche,Étriché - Châteauneuf,87484154
eu,Eu,87317537
evian,Évian-les-Bains,87745679
evreux normandie,Évreux Normandie,87387001
evron,Évron,87478552
evry,Évry-Courcouronnes,87681387
evry val de seine,Évry Val de Seine,87681361
eymoutiers vassiviere,Eymoutiers Vassivière,87592121
eze,Èze,87756387
farbus,Farbus,87342527
farebersviller,Farébersviller,87193516
faremoutiers,Faremoutiers - Pommeuse,87116277
farschviller,Farschviller,87193524
faubourg d'orleans,Faubourg d'Orléans,87576173
faulquemont,Faulquemont,87193359
fecamp,Fécamp,87413542
fegersheim,Fegersheim - Lipsheim,87212266
fellering,Fellering,87182626
fepin,Fépin,87172874
ferrieres,Ferrières - Fontenay,87684241
feuquieres,Feuquières - Broquiers,87313742
feurs,Feurs,87726877
feyzin,Feyzin,87722538
figeac,Figeac,87613091
firminy,Firminy,87726729
fismes,Fismes,87171330
flavy,Flavy-le-Martel,87296871
flaxlanden,Flaxlanden,87181040
flers,Flers,87448001
fleurieux,Fleurieux-sur-l'Arbresle,87721563
fleurville,Fleurville - Pont-de-Vaux,87725663
flez-cuzy,Flez-Cuzy - Tannay,87696633
foecy,Foëcy,87576108
foix,Foix,87611616
folligny,Folligny,87447649
fons,Fons - Saint-Mamert,87775379
font,Font-Romeu-Odeillo-Via,87784819
fontaine,Fontaine-le-Port,87682427
fontainebleau,Fontainebleau - Avon,87682211
fontaines,Fontaines - Mercurey,87713586
fontenay,Fontenay-le-Fleury,87393405
fontenoy,Fontenoy-sur-Moselle,87141051
fontpedrouse,Fontpédrouse,87784769
forbach,Forbach,87193003
formerie,Formerie,87313833
fors,Fors,87485326
fos,Fos-sur-Mer,87753442
foucart,Foucart - Alvimare,87413377
fouday,Fouday,87214734
foug,Foug,87141036
fougeray,Fougeray - Langon,87471201
fougere,Fougeré,87486316
fouilloy,Fouilloy,87313841
fouquereuil,Fouquereuil,87342204
fourchambault,Fourchambault,87696229
fourmies,Fourmies,87295048
fourqueux,Fourqueux - Bel-Air,87733675;87366922
fraisses,Fraisses - Unieux,87726737
franchet d'esperey,Franchet d'Esperey,87417444
francheville,Francheville,87722702
franconville,Franconville - Le Plessis-Bouchard,87276071
franois,Franois,87718304
frasne,Frasne,87715136
freinville sevran,Freinville Sevran,87113894
frejus,Fréjus,87757500
frenouville,Frénouville - Cagny,87444182
frepillon,Frépillon,87276659
fresnoy,Fresnoy-le-Grand,87296293
freteval,Fréteval - Morée,87574533
fretin,Fretin,87286641
frevin,Frévin-Capelle,87342212
fromental,Fromental,87592360
froncles buxieres,Froncles Buxières,87142240
frontenex,Frontenex,87741629
frontignan,Frontignan,87773556
frouard,Frouard,87141077
frynaudour,Frynaudour,87473876
fumay,Fumay,87172098
futuroscope,Futuroscope,87324095
gadagne,Gadagne,87765446
gagny,Gagny,87113514
gaillac,Gaillac,87615252
gaillon,Gaillon - Aubevoye,87415620
gallargues,Gallargues-le-Montueux,87775130
gallieni canceropole,Gallieni Cancéropôle,87497461
galuzot,Galuzot,87694638
gambsheim,Gambsheim,87212332
gan,Gan,87672618
gandrange,Gandrange - Amnéville,87191742
gannat,Gannat,87732404
gannes,Gannes,87313262
gap,Gap,87763003
garancieres,Garancières - La Queue,87393439
garches,Garches - Marnes-la-Coquette,87382259
garchizy,Garchizy,87691436
gardanne,Gardanne,87751420
gardonne,Gardonne,87584235
gargan,Gargan,87113860
gargenville,Gargenville,87381566
garges,Garges - Sarcelles,87276196
gauriaguet,Gauriaguet,87491225
gazeran,Gazeran,87393348
gazinet cestas,Gazinet Cestas,87582403
geispolsheim,Geispolsheim,87212258
gemeaux,Gemeaux,87713842
genelard,Génelard,87694653
generac,Générac,87775791
genlis,Genlis,87713313
gennevilliers,Gennevilliers,87271205
genolhac,Génolhac,87775213
germaine,Germaine,87171587
gertwiller,Gertwiller,87214254
gerzat,Gerzat,87734046
gestel,Gestel,87476309
gevrey,Gevrey-Chambertin,87713503
gien,Gien,87684290
gievres,Gièvres,87576876
gignac,Gignac - Cressensac,87594325
gilley,Gilley,87718577
gilly,Gilly-sur-Loire,87694869
gimont cahuzac,Gimont Cahuzac,87611772
gironde,Gironde-sur-Dropt,87582858
gisors,Gisors,87381244
givet,Givet,87172130
givors,Givors,87722405
givors canal,Givors Canal,87722439
golfe juan vallauris,Golfe Juan Vallauris,87757641
goncelin,Goncelin,87747477
gonfaron,Gonfaron,87755397
gorges,Gorges,87481432
gourdon,Gourdon,87613141
gourland,Gourland,87473801
gournay,Gournay - Ferrières,87381293
goussainville,Goussainville,87276246
goxwiller,Goxwiller,87214270
graffenstaden,Graffenstaden,87212241
graffenwald,Graffenwald,87181131
gragnague,Gragnague,87615377
gramat,Gramat,87613059
grand,Grand-Combe la Pise,87775254
grand bourg,Grand Bourg,87681353
grande,Grande-Synthe,87281311
grandvillars,Grandvillars,87184432
grandvilliers,Grandvilliers,87313734
granville,Granville,87447680
grasse,Grasse,87757724
gravelines,Gravelines,87281246
gravigny balizy,Gravigny Balizy,87393645
grenoble,Grenoble,87747006
grenoble,Grenoble Universités - Gières,87747402
gresswiller,Gresswiller,87214593
gresy,Grésy-sur-Aix,87746107
gresy,Grésy-sur-Isère,87741611
gretz,Gretz-Armainvilliers,87116012
grigny centre,Grigny Centre,87681379
grigny le sablon,Grigny le Sablon,87722298
grisolles,Grisolles,87611673
groisy,Groisy - Thorens-Glières,87746248
gros noyer saint,Gros Noyer Saint-Prix,87276592
groslay,Groslay,87276360
guerard,Guérard - La Celle-sur-Morin,87116269
gueret,Guéret,87597609
guethary,Guéthary,87673459
guichen,Guichen - Bourg-des-Comptes,87471151
guignicourt,Guignicourt,87171736
guillerval,Guillerval,87545129
guimiliau,Guimiliau,87474296
guingamp,Guingamp,87473207
gujan,Gujan-Mestras,87582619
gundershoffen,Gundershoffen,87213223
gunsbach,Gunsbach - Griesbach,87182386
habsheim,Habsheim,87182089
hachette,Hachette,87297523
hagondange,Hagondange,87191114
haguenau,Haguenau,87213058
halsou,Halsou - Larressore,87673640
haluchere batignolles,Haluchère Batignolles,87590331
ham,Ham,87313494
ham,Ham-en-Artois,87342261
hangest,Hangest-sur-Somme,87313114
harfleur,Harfleur,87413302
hargicourt,Hargicourt - Pierrepont,87313338
hatrize,Hatrize,87192724
haubourdin,Haubourdin,87286096
haussmann saint,Haussmann Saint-Lazare,87281899
haute picardie tgv,Haute Picardie TGV,87313882
hautmont,Hautmont,87295568
hayange,Hayange,87191239
haybes,Haybes,87172106
hazebrouck,Hazebrouck,87286302
heiligenberg,Heiligenberg - Mollkirch,87214627
heilles,Heilles - Mouchy,87316398
heilly,Heilly,87316059
hellemmes,Hellemmes,87286062
hendaye,Hendaye,87677005
henin,Hénin-Beaumont,87345157
hennebont,Hennebont,87476259
herblay,Herblay,87381889
herchies,Herchies,87313692
hericourt,Héricourt,87184507
hericy,Héricy,87682435
hermes,Hermes - Berthecourt,87313585
herny,Herny,87193383
herrlisheim,Herrlisheim,87212340
herrlisheim,Herrlisheim-près-Colmar,87182329
hesdigneul,Hesdigneul-lès-Boulogne,87317107
hesdin,Hesdin,87317222
hettange,Hettange-Grande,87191163
hirson,Hirson,87295063
hirson ecoles,Hirson Écoles,87324335
hochfelden,Hochfelden,87212167
hoelschloch,Hoelschloch,87213413
hoenheim tram,Hoenheim Tram,87338517
hoerdt,Hoerdt,87213686
hoffen,Hoffen,87213447
hombourg,Hombourg-Haut,87193276
homecourt,Homécourt,87191692
houdan,Houdan,87393462
houdemont,Houdemont,87141473
houilles,Houilles - Carrières-sur-Seine,87386409
houlgate,Houlgate,87444406
hundling,Hundling,87193540
huriel,Huriel,87641217
hyeres,Hyères,87755629
igney,Igney,87144089
igney,Igney - Avricourt,87215103
igny,Igny,87393561
ille,Ille-sur-Têt,87784561
illfurth,Illfurth,87182204
illiers,Illiers-Combray,87394437
imphy,Imphy,87696450
ingersheim,Ingersheim - Cité Scolaire,87303875
ingrandes,Ingrandes-Le Fresne-sur-Loire,87484360
ingrandes sur vienne,Ingrandes sur Vienne,87575134
ingwiller,Ingwiller,87213785
invalides,Invalides,87393033
irigny yvours,Irigny Yvours,87722249
is,Is-sur-Tille,87713859
isbergues,Isbergues,87342279
isles,Isles - Armentières - Congis,87116616
isse,Issé,87481622
issoire,Issoire,87734202
issou,Issou - Porcheville,87381574
issoudun,Issoudun,87597062
issy,Issy-les-Moulineaux,87393074
issy val de seine,Issy Val de Seine,87393306
istres,Istres,87753418
iteuil,Iteuil,87577403
itxassou,Itxassou,87673665
ivry,Ivry-sur-Seine,87545301
iwuy,Iwuy,87345397
janze,Janzé,87471334
jarnac,Jarnac,87491472
jarrie,Jarrie - Vizille,87747535
jarville,Jarville-la-Malgrange,87141010
jaunay,Jaunay-Clan,87575217
jaux,Jaux,87272013
javel,Javel,87393066
jeumont,Jeumont,87295014
joigny,Joigny,87683243
joigny,Joigny-sur-Meuse,87172031
joinville,Joinville,87175091
joncet,Joncet,87784710
joncherey,Joncherey,87700153
jonchery,Jonchery-sur-Vesle,87171314
jonzac,Jonzac,87491142
joue,Joué-lès-Tours,87571885
jouy,Jouy,87394155
jouy,Jouy-en-Josas,87393512
juan les pins,Juan les Pins,87757666
juvisy,Juvisy-sur-Orge,87545244
juziers,Juziers,87381558
jœuf,Jœuf,87191700
kalhausen,Kalhausen,87193664
ker lann,Ker Lann,87159947
kerhostin,Kerhostin,87476432
kerhuon,Kerhuon,87474213
kilstett,Kilstett,87212324
koenigsmacker,Koenigsmacker,87191619
kogenheim,Kogenheim,87214114
krimmeri meinau,Krimmeri Meinau,87338525
kruth,Kruth,87182642
kurtzenhouse,Kurtzenhouse,87213660
l'abbaye,L'Abbaye,87113886
l'aigle,L'Aigle,87444638
l'aiguille,L'Aiguille,87592634
l'arbresle,L'Arbresle,87721431
l'argentiere les ecrins,L'Argentière Les Écrins,87763557
l'ariane la trinite,L'Ariane La Trinité,87751529
l'estaque,L'Estaque,87751602
l'etang,L'Étang-la-Ville,87382473
l'etang les sablons,L'Etang les Sablons,87726109
l'herbergement,L'Herbergement - Les Brouzils,87486126
l'hermitage,L'Hermitage - Mordelles,87471060
l'hopital,L'Hôpital-du-Grosbois,87718528
l'isle,L'Isle-d'Abeau,87761239
l'isle,L'Isle-Jourdain,87611806
l'isle,L'Isle-sur-le-Doubs,87184572
l'isle-adam,L'Isle-Adam - Parmain,87276527
l'isle-sur-la-sorgue,L'Isle-sur-la-Sorgue - Fontaine-de-Vaucluse,87765479
l'isthme,L'Isthme,87476275
la barasse,La Barasse,87635581
la barre ormesson,La Barre Ormesson,87271171
la basse indre,La Basse Indre - Saint-Herblain,87481069
la bassee,La Bassée - Violaines,87342436
la bastide,La Bastide - Saint-Laurent-les-Bains,87775171
la baule,La Baule-Escoublac,87481754
la baule les pins,La Baule Les Pins,87481697
la bernerie,La Bernerie-en-Retz,87481267
la bohalle,La Bohalle,87487843
la bonneville,La Bonneville-sur-Iton,87387142
la borne blanche,La Borne Blanche,87276287
la brillanne,La Brillanne - Oraison,87751271
la brohiniere,La Brohinière,87471094
la celle,La Celle-Saint-Cloud,87382432
la chaize,La Chaize-le-Vicomte,87486308
la chapelle,La Chapelle-Saint-Mesmin,87543371
la chapelle,La Chapelle-sur-Loire,87571802
la chapelle aulnay,La Chapelle Aulnay,87590364
la chapelle centre,La Chapelle Centre,87481564
la charite,La Charité-sur-Loire,87696195
la chaumusse,La Chaumusse - Fort-du-Plasne,87715391
la chaussee,La Chaussée-Saint-Victor,87574251
la ciotat,La Ciotat - Ceyreste,87751784
la clayette,La Clayette - Baudemont,87694737
la coquille,La Coquille,87592501
la courneuve,La Courneuve - Aubervilliers,87271304
la couronne,La Couronne,87583617
la couronne carro,La Couronne Carro,87753541
la crau,La Crau,87755611
la creche,La Crèche,87485474
la croix de mean,La Croix de Méan,87481689
la defense,La Défense,87382218
la defense grande arche rer e,La Défense Grande Arche RER E,87731430
la douzillere,La Douzillère,87009696
la faloise,La Faloise,87313239
la fere,La Fère,87296632
la ferte,La Ferté-Alais,87681452
la ferte,La Ferté-Bernard,87396325
la ferte,La Ferté-Imbault,87576082
la ferte,La Ferté-Milon,87116673
la ferte,La Ferté-Saint-Aubin,87543124
la ferte,La Ferté-sous-Jouarre,87116517
la fontaine,La Fontaine,87286427
la forest,La Forest-Landerneau,87474221
la fouillouse,La Fouillouse,87726232
la frayere,La Frayère,87757740
la fresnais,La Fresnais,87478081
la frette,La Frette - Montigny,87381871
la garde,La Garde,87755306
la garenne,La Garenne-Colombes,87386003
la gorp,La Gorp,87584755
la gouesniere,La Gouesnière - Cancale - Saint-Méloir-des-Ondes,87478099
la grande,La Grande-Paroisse,87682476
la grave d'ambares,La Grave d'Ambarès,87491274
la guerche,La Guerche-sur-l'Aubois,87576470
la guierche,La Guierche,87396036
la haie,La Haie-Fouassière,87481416
la hisse,La Hisse,87478156
la hume,La Hume,87582635
la hutte coulombiers,La Hutte Coulombiers,87396093
la jarrie,La Jarrie,87485185
la jonchere,La Jonchère-Saint-Maurice,87592337
la joux,La Joux,87746842
la levade,La Levade,87775247
la loupe,La Loupe,87394254
la madeleine,La Madeleine,87286187
la marche,La Marche,87691394
la meaugon,La Méaugon,87473124
la membrolle,La Membrolle-sur-Choisille,87571513
la menitre,La Ménitré,87487884
la meyze,La Meyze,87592808
la mothe,La Mothe-Achard,87486423
la mothe,La Mothe-Saint-Héray,87485508
la norville,La Norville - Saint-Germain-lès-Arpajon,87545459
la pauline hyeres,La Pauline Hyères,87755314
la penne,La Penne-sur-Huveaune,87751743
la plaine stade de france,La Plaine Stade de France - Saint-Denis - Aubervilliers,87164798
la pomme,La Pomme,87751719
la porcherie,La Porcherie,87592295
la possonniere,La Possonnière,87484337
la poterie,La Poterie,87334508
la redonne ensues,La Redonne Ensuès,87753574
la reole,La Réole,87582866
la ricamarie,La Ricamarie,87726703
la riviere,La Rivière-Drugeon,87715144
la riviere de mansac,La Rivière de Mansac,87594416
la roche,La Roche-Maurice,87474262
la roche,La Roche-sur-Foron,87746305
la roche,La Roche-sur-Yon,87486019
la rochelle,La Rochelle,87485003
la rochelle porte dauphine,La Rochelle Porte Dauphine,87437798
la seyne,La Seyne - Six-Fours,87755264
la souterraine,La Souterraine,87592378
la suze,La Suze-sur-Sarthe,87396366
la taye,La Taye,87394403
la teste,La Teste-de-Buch,87582643
la tour,La Tour-de-Salvagny,87721548
la tour,La Tour-du-Pin,87723478
la tricherie,La Tricherie,87575183
la trinite victor,La Trinité Victor,87756767
la valbonne,La Valbonne,87723577
la verpilliere,La Verpillière,87723395
la verriere,La Verrière,87393256
la ville,La Ville-Dieu-du-Temple,87611459
la ville gozet,La Ville Gozet,87641191
la villette saint,La Villette Saint-Prest,87394171
la wantzenau,La Wantzenau,87212316
labege innopole,Labège Innopole,87612002
labege village,Labège Village,87612028
labenne,Labenne,87673293
labergement,Labergement-Sainte-Marie,87715219
laboissiere,Laboissière - Le Déluge,87313676
labouheyre,Labouheyre,87582551
labruguiere,Labruguière,87615526
lacapelle,Lacapelle-Viescamp,87645150
lacelle,Lacelle,87592147
lachaud curmilhac,Lachaud Curmilhac,87731828
lacourtensourt,Lacourtensourt,87611434
lafarge,Lafarge,87592733
lagny,Lagny - Thorigny,87116319
laguepie,Laguépie,87613471
laifour,Laifour,87172072
laigne,Laigné - Saint-Gervais,87396556
laigneville,Laigneville,87276204
laille,Laillé,87471144
laissey,Laissey,87718437
lalbenque,Lalbenque - Fontanes,87613323
lalinde,Lalinde,87584441
lamagistere,Lamagistère,87611855
lamanon,Lamanon,87753731
lamballe,Lamballe,87473108
lamonzie,Lamonzie-Saint-Martin,87584243
lamothe,Lamothe-Landerron,87582882
lamothe,Lamothe-Montravel,87584151
lamotte,Lamotte-Beuvron,87543140
lamure,Lamure-sur-Azergues,87721860
lancerf,Lancerf,87473850
lancey,Lancey,87417501
landas,Landas,87286575
landaul,Landaul - Mendon,87476226
landebia,Landébia,87473264
landerneau,Landerneau,87474239
landevant,Landévant,87476234
landivisiau,Landivisiau,87474270
landrecies,Landrecies,87295642
landry,Landry,87741777
laneuveville,Laneuveville-devant-Nancy,87141093
langeac,Langeac,87734319
langeais,Langeais,87571828
langogne,Langogne,87734350
langon,Langon,87582775
langres,Langres,87142091
lannemezan,Lannemezan,87671123
lannion,Lannion,87473223
lantenay,Lantenay,87712323
laon,Laon,87296012
lapeyrouse,Lapeyrouse,87641043
laragne,Laragne-Montéglin,87763755
lardenne,Lardenne,87611939
lardy,Lardy,87545160
laroche,Laroche - Migennes,87683268
laroque,Laroque-Timbaut,87586412
laroquebrou,Laroquebrou,87645135
lathus,Lathus-Saint-Rémy,87575498
latour-de-carol,Latour-de-Carol - Enveitg,87611483
lauterbourg,Lauterbourg,87212464
laval,Laval,87478404
laval,Laval-de-Cère,87594796
lavaufranche,Lavaufranche,87597740
lavaur,Lavaur,87615476
lavilletertre,Lavilletertre,87381202
lavoute,Lavoûte-sur-Loire,87734707
le blanc,Le Blanc-Mesnil,87271478
le bosquet,Le Bosquet,87757757
le bourget,Le Bourget,87271395
le bourget t11,Le Bourget T11,87697359
le bouscat,Le Bouscat - Saint-Germaine,87738096
le bousquet,Le Bousquet-d'Orb,87781583
le bras de fer,Le Bras de Fer,87681395
le breuil,Le Breuil-sur-Couze,87734228
le bruel,Le Bruel,87783548
le buet,Le Buet,87746883
le bugue,Le Bugue,87595744
le buisson,Le Buisson-de-Cadouin,87595751
le burg,Le Burg,87594614
le cailar,Le Cailar,87775825
le cateau,Le Cateau-Cambrésis,87295220
le cellier,Le Cellier,87481168
le cendre,Le Cendre - Orcet,87734160
le chambon,Le Chambon-Feugerolles,87726711
le chenay gagny,Le Chénay Gagny,87113522
le coteau,Le Coteau,87726828
le coudray,Le Coudray-Montceaux,87681635
le creusot,Le Creusot - Montceau-les-Mines - Montchanin TGV,87694109
le creusot,Le Creusot,87694000
le croisic,Le Croisic,87481788
le dorat,Le Dorat,87592543
le dramont,Le Dramont,87757542
le fauga,Le Fauga,87611046
le genest,Le Genest-Saint-Isle,87478743
le grand,Le Grand-Lemps,87747220
le grand jardin,Le Grand Jardin,87444323
le grau,Le Grau-du-Roi,87775866
le haut banc,Le Haut Banc,87316687
le havre,Le Havre,87413013
le lioran,Le Lioran,87645473
le luc,Le Luc - Le Cannet,87755405
le mans,Le Mans,87396002
le mans,Le Mans Hôpital-Université,87743872
le mee,Le Mée-sur-Seine,87682179
le meridien la ferriere,Le Méridien La Ferrière,87721522
le meux,Le Meux - La Croix-Saint-Ouen,87276733
le molay,Le Molay-Littry,87444083
le monastier,Le Monastier-Pin-Moriès,87783308
le pallet,Le Pallet,87481424
le peage,Le Péage-de-Roussillon,87722678
le penity,Le Pénity,87473553
le perray,Le Perray-en-Yvelines,87393298
le plessis,Le Plessis-Belleville,87271551
le plessis chenet,Le Plessis Chenet,87681627
le poirier universite,Le Poirier Université,87343210
le pont,Le Pont-de-Beauvoisin,87741470
le pont,Le Pont-de-Claix,87747519
le pouliguen,Le Pouliguen,87481762
le puy,Le Puy-en-Velay,87734699
le quesnoy,Le Quesnoy,87295857
le raincy,Le Raincy - Villemomble - Montfermeil,87113472
le rouget,Le Rouget,87645192
le soler,Le Soler,87784512
le stade,Le Stade,87381095
le teich,Le Teich,87582601
le theil,Le Theil - La Rouge,87396333
le theil,Le Theil-de-Bretagne,87471342
le thor,Le Thor,87765453
le toec,Le Toec,87353573
le trayas,Le Trayas,87757575
le treport,Le Tréport - Mers-les-Bains,87317529
le val d'or,Le Val d'Or,87382366
le verdon,Le Verdon-sur-Mer,87581389
le vernet d'ariege,Le Vernet d'Ariège,87611350
le vert de maisons,Le Vert de Maisons,87681247
le vieux briollay,Le Vieux Briollay,87484139
leforest,Leforest,87345223
lens,Lens,87345025
lentilly,Lentilly,87721555
lentilly charpenay,Lentilly Charpenay,87566919
lepin-le-lac,Lépin-le-Lac - La Bauche,87741439
lerouville,Lérouville,87175240
les abrets,Les Abrets - Fitilieu,87741496
les arcs,Les Arcs - Draguignan,87755447
les ardoines,Les Ardoines,87492108
les aubrais,Les Aubrais,87543017
les bardys,Les Bardys,87592048
les bons peres,Les Bons Pères,87297515
les bossons,Les Bossons,87746768
les boullereaux champigny,Les Boullereaux Champigny,87113779
les cabannes,Les Cabannes,87611574
les cabrils,Les Cabrils,87781559
les cauquillous,Les Cauquillous,87328021
les clairieres de verneuil,Les Clairières de Verneuil,87386664
les coquetiers,Les Coquetiers,87113845
les deux jumeaux,Les Deux Jumeaux,87677104
les echets,Les Échets,87723718
les eglisottes,Les Églisottes-et-Chalaures,87584532
les essarts,Les Essarts-le-Roi,87393280
les eyzies,Les Eyzies-de-Tayac-Sireuil,87595736
les flacheres,Les Flachères,87721704
les fontinettes,Les Fontinettes,87317305
les gresillons,Les Grésillons,87272146
les houches,Les Houches,87746743
les lacs,Les Lacs,87471516
les laumes alesia,Les Laumes Alésia,87713115
les mais,Les Mais,87473587
les martres,Les Martres-de-Veyre,87734178
les moussoux,Les Moussoux,87746818
les moutiers,Les Moutiers-en-Retz,87481259
les mureaux,Les Mureaux,87386680
les noues,Les Noues,87276238
les ormes,Les Ormes,87575118
les pavillons,Les Pavillons-sous-Bois,87113852
les pelerins,Les Pélerins,87746776
les perrieres,Les Perrières,87691600
les portes de saint,Les Portes de Saint-Cyr,87710921
les praz de chamonix,Les Praz de Chamonix,87746826
les quatre,Les Quatre-Routes-du-Lot,87594564
les quatre roues,Les Quatre Roues,87576181
les ramassiers,Les Ramassiers,87353581
les rosiers,Les Rosiers-sur-Loire,87487876
les sables,Les Sables-d'Olonne,87486449
les sables blancs,Les Sables Blancs,87476267
les salelles,Les Salelles,87783514
les saules,Les Saules,87546226
les tines,Les Tines,87746834
les trillers,Les Trillers,87641373
les vallees,Les Vallées,87386300
les versannes,Les Versannes,87595702
les yvris noisy,Les Yvris Noisy-le-Grand,87113803
lesparre,Lesparre-Médoc,87581314
lesquin,Lesquin,87286849
leucate la franqui,Leucate La Franqui,87781088
leval,Leval,87295790
lexos,Lexos,87613489
lezennes,Lezennes,87287102
lezignan,Lézignan-Corbières,87615112
lezoux,Lezoux,87734442
liancourt,Liancourt - Rantigny,87276212
liancourt,Liancourt-Saint-Pierre,87381210
libercourt,Libercourt,87345256
libourne,Libourne,87584052
liesle,Liesle,87718130
lieusaint,Lieusaint - Moissy,87682153
lievin,Liévin,87345041
liguge,Ligugé,87575274
lille,Lille Europe,87223263
lille,Lille CHR,87109306
lille,Lille Flandres,87286005
lille,Lille Porte de Douai,87287250
lillers,Lillers,87342238
limay,Limay,87381582
limeray,Limeray,87574335
limersheim,Limersheim,87212274
limoges,Limoges Bénédictins,87592006
limoges,Limoges Montjovis,87592022
limoux,Limoux,87615161
limoux flassian,Limoux Flassian,87598755
lingolsheim,Lingolsheim,87214502
lisiere pereire,Lisière Pereire,87733683
lisieux,Lisieux,87444265
lisle,Lisle-sur-Tarn,87615310
lison,Lison,87447219
liverdun,Liverdun,87141069
livron,Livron-sur-Drôme,87761247
livry,Livry-sur-Seine,87682401
lizy,Lizy-sur-Ourcq,87116632
loches,Loches,87571471
logelbach,Logelbach,87182345
loison,Loison-sous-Lens,87345231
loivre,Loivre,87171728
longages,Longages - Noé,87611053
longecourt,Longecourt-en-Plaine,87712620
longjumeau,Longjumeau,87393611
longpont,Longpont,87271775
longpre,Longpré-les-Corps-Saints,87313122
longroy,Longroy - Gamaches,87313817
longueau,Longueau,87313049
longueil,Longueil-Annel,87272195
longueil,Longueil-Sainte-Marie,87276303
longuerue,Longuerue - Vieux-Manoir,87411447
longueville,Longueville,87116137
longueville,Longueville-sur-Scie,87415141
longuyon,Longuyon,87194274
longwy,Longwy,87194001
lons,Lons-le-Saunier,87718239
loos,Loos-en-Gohelle,87345033
loos lez lille,Loos lez Lille,87286112
loreux,Loreux,87576157
lorient bretagne sud,Lorient Bretagne Sud,87476002
loriol,Loriol-sur-Drôme,87761262
lorraine tgv,Lorraine TGV,87142109
lothiers,Lothiers,87597104
louhans,Louhans,87713735
loulay,Loulay,87491290
lourches,Lourches,87343475
lourdes,Lourdes,87671339
louroux,Louroux-de-Bouble,87641050
louveciennes,Louveciennes,87382457
louvres,Louvres,87276253
louvroil,Louvroil,87295535
lozanne,Lozanne,87721423
luant,Luant,87597096
luc,Luc,87734368
luc,Luc-en-Diois,87761874
luc,Luc-la-Primaube,87615773
luce,Lucé,87394015
ludon,Ludon-Médoc,87581181
ludres,Ludres,87141481
lumes,Lumes,87172189
lunas,Lunas,87781575
lunel,Lunel,87773408
lunel,Lunel-Viel,87773424
lunery,Lunery,87576280
luneville,Lunéville,87141150
lurbe,Lurbe-Saint-Christau,87672741
lure,Lure,87185249
lus,Lus-la-Croix-Haute,87747667
lusignan,Lusignan,87485540
lussac,Lussac-les-Châteaux,87575845
luttenbach,Luttenbach-près-Munster,87182543
lutzelbourg,Lutzelbourg,87215160
lutzelhouse,Lutzelhouse,87214650
luxe,Luxé,87583823
luxeuil,Luxeuil-les-Bains,87185595
luzarches,Luzarches,87276576
luzenac,Luzenac - Garanou,87611558
luzy,Luzy,87696534
luçon,Luçon,87486258
lycee henri sellier,Lycée Henri Sellier,87988717
lyon,Lyon Saint-Exupéry TGV,87762906
lyon,Lyon Part Dieu,87723197
lyon,Lyon Gorge de Loup,87721175
lyon,Lyon Jean Macé,87282624
lyon,Lyon Perrache,87722025
lyon,Lyon Saint-Paul,87721159
lyon,Lyon Vaise,87721001
macau,Macau,87581199
machecoul,Machecoul,87481366
machilly,Machilly,87745588
macon,Mâcon,87725689
macon loche tgv,Mâcon Loché TGV,87725705
magalas,Magalas,87781666
magenta,Magenta,87281873
magland,Magland,87746412
magnac,Magnac - Vicq,87592279
magnette,Magnette,87641365
magneux,Magneux - Courlandon,87400986
magny,Magny - Blandainville,87394429
maille,Maillé,87575068
mailly,Mailly-la-Ville,87683847
maintenon,Maintenon,87394130
maisons,Maisons-Laffitte,87386425
maisons-alfort,Maisons-Alfort - Alfortville,87681155
maisse,Maisse,87681486
maizieres,Maizières-lès-Metz,87191106
malain,Mâlain,87713065
malansac,Malansac,87476689
malaunay,Malaunay - Le Houlme,87411256
malesherbes,Malesherbes,87684415
malling,Malling,87191627
mamirolle,Mamirolle,87718510
mandelieu,Mandelieu-la-Napoule,87757591
manosque,Manosque - Gréoux-les-Bains,87751321
mantes,Mantes-la-Jolie,87381509
mantes station,Mantes Station,87381590
marbache,Marbache,87141796
marcelcave,Marcelcave,87313445
marcheprime,Marcheprime,87582445
marchezais,Marchezais - Broué,87393470
mareil,Mareil-Marly,87382812;87733667
mareil,Mareil-sur-Mauldre,87381715
maresquel,Maresquel-Ecquemicourt,87317206
mareuil,Mareuil-sur-Ourcq,87116665
margaux,Margaux,87581215
margival,Margival,87271882
marienthal,Marienthal,87213603
marignier,Marignier,87746347
marigny,Marigny,87485334
marles,Marles-en-Brie,87116228
marlieux,Marlieux - Châtillon,87723767
marly,Marly-le-Roi,87382465
marmagne,Marmagne,87576132
marmagne sous creusot,Marmagne sous Creusot,87694182
marmande,Marmande,87586545
marne,Marne-la-Vallée Chessy,87111849
maroeuil,Maroeuil,87342188
marolles,Marolles-en-Hurepoix,87545186
maromme,Maromme,87411249
marquillies,Marquillies,87342469
marquise,Marquise - Rinxent,87317339
marquixanes,Marquixanes,87784629
marsac,Marsac,87597625
marsac,Marsac-sur-L'isle,87595207
marseillan plage,Marseillan Plage,87781294
marseille,Marseille Saint-Charles,87751008
marseille,Marseille Blancarde,87751081
marseille,Marseille-en-Beauvaisis,87313726
marssac,Marssac-sur-Tarn,87615419
martigne,Martigné-Ferchaud,87471367
martigues,Martigues,87753509
martres,Martres-Tolosane,87611087
marvejols,Marvejols,87783282
masserac,Massérac,87471227
masseret,Masseret,87594820
massiac,Massiac - Blesle,87734871
massy,Massy - Palaiseau,87393579
massy,Massy - Verrières,87383281
massy europe,Massy Europe,87725465
massy tgv,Massy TGV,87393702
matzenheim,Matzenheim,87214130
maubeuge,Maubeuge,87295006
maule,Maule,87381723
maurecourt,Maurecourt,87381483
maurois,Maurois,87345546
maurs,Maurs,87645168
mauves,Mauves-sur-Loire,87481150
mauzac,Mauzac-et-Grand-Castang,87584466
mauze,Mauzé-sur-le-Mignon,87485250
mayet,Mayet,87396580
mazamet,Mazamet,87615542
mazingarbe,Mazingarbe,87342121
meaux,Meaux,87116103
mehun,Mehun-sur-Yèvre,87576116
melun,Melun,87682005
menars,Menars,87574244
mende,Mende,87783605
menil flin,Ménil Flin,87141390
mennecy,Mennecy,87681411
mennessis,Mennessis,87296434
mennetou,Mennetou-sur-Cher,87576728
menton,Menton,87756486
menton garavan,Menton Garavan,87756494
mer,Mer,87574194
merens,Mérens-les-Vals,87611525
merenvielle,Mérenvielle,87611814
mericourt,Méricourt - Ribemont,87313064
meriel,Mériel,87276675
merignac arlac,Mérignac Arlac,87278259
meroux,Méroux,87184408
mertzwiller,Mertzwiller,87213207
meru,Méru,87313668
mervans,Mervans,87713701
merxheim,Merxheim,87182725
mery,Méry-sur-Oise,87276667
messac,Messac - Guipry,87471185
messein,Messein,87141499
mesves,Mesves - Bulcy,87696187
mesvres,Mesvres,87694158
metz,Metz,87192039
metz,Metz Nord,87192070
metzeral,Metzeral,87182816
meudon,Meudon,87393108
meudon val fleury,Meudon Val Fleury,87393082
meulan,Meulan - Hardricourt,87381830
meung,Meung-sur-Loire,87574137
meurchin,Meurchin,87345272
meursault,Meursault,87713560
meuse tgv,Meuse TGV,87147322
meximieux,Meximieux - Pérouges,87723585
meymac,Meymac,87594275
meyrargues,Meyrargues,87751370
mezeriat,Mézériat,87725838
mezidon,Mézidon-Canon,87444208
mignaloux,Mignaloux - Nouaillé,87575704
milhaud,Milhaud,87775098
millas,Millas,87784546
millau,Millau,87783001
milly,Milly-sur-Thérain,87313700
miniac,Miniac-Morvan,87478131
mionnay,Mionnay,87723726
miramas,Miramas,87753004
miraumont,Miraumont,87342030
miribel,Miribel,87723528
mitry,Mitry - Claye,87271528
modane,Modane,87742007
mohon,Mohon,87172155
moirans,Moirans,87747329
moirans la galifette,Moirans La Galifette,87747691
moissac,Moissac,87611889
molsheim,Molsheim,87214577
mommenheim,Mommenheim,87212142
monestier,Monestier-de-Clermont,87747592
moneteau,Monéteau - Gurgy,87683557
monistrol,Monistrol-d'Allier,87734335
monnaie,Monnaie,87574681
monnerville,Monnerville,87545111
monsempron,Monsempron-Libos,87586453
mont,Mont-de-Marsan,87671016
mont,Mont-sur-Meurthe,87141143
mont de terre,Mont de Terre,87287128
mont-dauphin,Mont-Dauphin - Guillestre,87763508
mont-louis,Mont-Louis - La Cabanasse,87784793
montaigu,Montaigu,87481465
montaigut,Montaigut-le-Blanc,87597674
montargis,Montargis,87684001
montastruc,Montastruc-la-Conseillère,87615369
montataire,Montataire,87276618
montauban,Montauban-de-Bretagne,87471086
montauban ville bourbon,Montauban Ville Bourbon,87611244
montaudran,Montaudran,87612010
montaut betharram,Montaut Bétharram,87672113
montbard,Montbard,87713131
montbarrey,Montbarrey,87718866
montbartier,Montbartier,87611699
montbazon,Montbazon,87571406
montbeliard,Montbéliard,87184523
montbizot,Montbizot,87396044
montbrison,Montbrison,87726448
montceau,Montceau-les-Mines,87694620
montchanin,Montchanin,87694307
montdidier,Montdidier,87313346
monte,Monte-Carlo Country Club,87338590
montelimar,Montélimar,87764001
montendre,Montendre,87491183
montereau,Montereau,87682302
monterolier,Montérolier - Buchy,87411454
montescourt,Montescourt-Lizerolles,87296418
monteux,Monteux,87765818
montfavet,Montfavet,87765412
montferrand,Montferrand - Thoraise,87718106
montfort,Montfort-le-Gesnois,87396291
montfort,Montfort-sur-Meu,87471078
montfort-l'amaury,Montfort-l'Amaury - Méré,87393892
montgeron,Montgeron - Crosne,87682104
montgeroult,Montgeroult - Courcelles,87381160
montherme,Monthermé,87172056
montigny,Montigny - Beauchamp,87276089
montigny,Montigny-en-Ostrevent,87345306
montigny,Montigny-sur-Loing,87684100
montlaur,Montlaur,87618207
montlouis,Montlouis-sur-Loire,87571273
montluel,Montluel,87723569
montluçon,Montluçon,87641001
montluçon rimard,Montluçon Rimard,87323675
montmedy,Montmédy,87194209
montmelian,Montmélian,87741181
montmoreau,Montmoreau,87583674
montmorillon,Montmorillon,87575480
montoir,Montoir-de-Bretagne,87481713
montpaon,Montpaon,87781534
montpellier,Montpellier Saint-Roch,87773002
montpellier,Montpellier Sud de France,87688887
montpon,Montpon-Ménestérol,87595322
montrabe,Montrabé,87611848
montrejeau,Montréjeau - Gourdan-Polignan,87611152
montreuil,Montreuil,87382879
montreuil,Montreuil sur Mer,87317164
montreuil,Montreuil-Bellay,87487637
montreuil,Montreuil-sur-Ille,87478032
montreuil,Montreuil-sur-Thérain,87316406
montreux,Montreux-Vieux,87184275
montrichard,Montrichard,87574855
montroc le planet,Montroc le Planet,87746867
montrond,Montrond-les-Bains,87726885
montry,Montry - Condé,87116400
monts,Monts,87575035
montsoult,Montsoult - Maffliers,87276493
montsurs,Montsûrs,87478537
montville,Montville,87411801
moosch,Moosch,87182592
morannes,Morannes,87484170
morbier,Morbier,87715433
morcenx,Morcenx,87673103
moret,Moret - Veneux-les-Sablons,87682278
moreuil,Moreuil,87313320
morez,Morez,87715441
morgny,Morgny-la-Pommeraye,87411439
morhange,Morhange,87192286
morieres,Morières-lès-Avignon,87765420
morlaix,Morlaix,87474338
mormant,Mormant,87116087
morre,Morre,87391300
mortcerf,Mortcerf,87116244
morteau,Morteau,87718619
morvillars,Morvillars,87184424
mothern,Mothern,87212456
motteville,Motteville,87411280
mouans,Mouans-Sartoux,87401323
mouchard,Mouchard,87718833
moulin galant,Moulin Galant,87681403
moulins sur allier,Moulins sur Allier,87696328
moulis,Moulis - Listrac,87581231
moult,Moult - Argences,87444190
mourmelon,Mourmelon-le-Petit,87174409
mouroux,Mouroux,87116285
mousteru,Moustéru,87473512
moutiers,Moûtiers - Salins - Brides-les-Bains,87741728
mouy,Mouy - Bury,87313577
moyeuvre,Moyeuvre-Grande,87191718
muhlbach,Muhlbach-sur-Munster,87182733
muizon,Muizon,87171298
mulhouse,Mulhouse,87182063
mulhouse,Mulhouse Dornach,87182055
mulhouse,Mulhouse Musées,87534339
mulhouse,Mulhouse Zu Rhein Tram-Train,87472639
mullerhof,Mullerhof,87214643
munchhausen,Munchhausen,87212449
mundolsheim,Mundolsheim,87212100
munster,Munster,87182394
munster badischhof,Munster Badischhof,87386540
murat,Murat,87645481
muret,Muret,87611038
musee d'orsay,Musée d'Orsay,87547307
mussidan,Mussidan,87595298
mutzig,Mutzig,87214585
naintre,Naintré,87575175
najac,Najac,87613463
namps,Namps - Quevauvillers,87313379
nancy,Nancy,87141002
nangis,Nangis,87116095
nanterre la folie,Nanterre La Folie,87386011
nanterre universite,Nanterre Université,87386318
nantes,Nantes,87481002
nanteuil,Nanteuil - Saâcy,87116558
nanteuil,Nanteuil-le-Haudouin,87271577
nantiat,Nantiat,87592444
nançois,Nançois - Tronville,87175067
narbonne,Narbonne,87781104
naucelle,Naucelle,87615732
neau,Neau,87478545
negrondes,Négrondes,87595132
nemours,Nemours - Saint-Pierre,87684126
nerondes,Nérondes,87576454
nerpuy,Nerpuy,87575167
nesle,Nesle,87313486
neufchateau,Neufchâteau,87141291
neufchatel,Neufchâtel-Hardelot,87317099
neuille,Neuillé-Pont-Pierre,87571547
neuilly,Neuilly - Porte Maillot,87381020
neuilly porte maillot rer e,Neuilly Porte Maillot RER E,87731448
neussargues,Neussargues,87645507
neuves,Neuves-Maisons,87141507
neuvic,Neuvic,87595272
neuville,Neuville-sur-Sarthe,87396028
neuville universite,Neuville Université,87334482
neuvy,Neuvy-Pailloux,87597070
nevers,Nevers,87696005
nevers le banlay,Nevers Le Banlay,87559070
nexon,Nexon,87592725
nezel,Nézel - Aulnay,87381731
nice,Nice,87756056
nice,Nice Pont Michel,87590299
nice,Nice Riquier,87756353
nice,Nice Saint-Augustin,87756254
niederbronn,Niederbronn-les-Bains,87213256
nieppe,Nieppe,87287151
nieul,Nieul,87592410
nimes,Nîmes,87775007
nimes,Nîmes Pont du Gard,87703975
niolon,Niolon,87753582
niort,Niort,87485300
niversac,Niversac,87595512
nogent,Nogent - Le Perreux,87113746
nogent,Nogent-le-Rotrou,87394296
nogent,Nogent-sur-Seine,87118190
nogent,Nogent-sur-Vernisson,87684274
nogent-l'artaud,Nogent-l'Artaud - Charly,87116566
nointel,Nointel - Mours,87276758
noisy,Noisy-le-Roi,87393876;87733659
noisy,Noisy-le-Sec,87113217
noizay,Noizay,87574368
nomain,Nomain,87286609
nonancourt,Nonancourt,87393553
nort,Nort-sur-Erdre,87481598
nortkerque,Nortkerque,87287292
notre,Notre-Dame de Briançon,87741694
notre,Notre-Dame-d'Oé,87574699
nouan,Nouan-le-Fuzelier,87543157
nouvion,Nouvion-sur-Meuse,87172213
nouzonville,Nouzonville,87172023
noveant,Novéant-sur-Moselle,87192427
novillars,Novillars,87718411
noyal,Noyal - Acigné,87471540
noyelles,Noyelles-sur-Mer,87317396
noyen,Noyen-sur-Sarthe,87396374
noyon,Noyon,87276782
nozieres,Nozières - Brignon,87775353
nuits,Nuits-Saint-Georges,87713529
nuits sous ravieres,Nuits sous Ravières,87713156
nurieux,Nurieux-Volognat,87743351
nœux,Nœux-les-Mines,87342139
obermodern,Obermodern-Zutzendorf,87213165
obernai,Obernai,87214288
objat,Objat,87594630
oderen,Oderen,87182634
oermingen,Oermingen,87215632
ogeu,Ogeu-les-Bains,87672709
oissel,Oissel,87411207
olette,Olette - Canaveilles,87784728
ollioules,Ollioules - Sanary-sur-Mer,87755231
olonne,Olonne-sur-Mer,87486431
oloron,Oloron-Sainte-Marie,87672725
ondres,Ondres,87673319
onville,Onville,87192435
onzain,Onzain - Chaumont-sur-Loire,87574319
orange,Orange,87765107
orangis bois de l'epine,Orangis Bois de l'Épine,87681346
orchamps,Orchamps,87718361
orchies,Orchies,87286583
orgerus,Orgerus - Béhoust,87393447
orgon,Orgon,87753707
orleans,Orléans,87543009
orly ville,Orly Ville,87546200
ormoy,Ormoy-Villers,87271585
orry-la-ville,Orry-la-Ville - Coye,87276279
ors,Ors,87295667
orthez,Orthez,87672253
osny,Osny,87381145
osses,Ossès - Saint-Martin-d'Arrossa,87673707
ostricourt,Ostricourt,87345249
oudon,Oudon,87481184
ouges,Ouges,87712604
oullins,Oullins,87722207
ourscamp,Ourscamp,87276774
oyonnax,Oyonnax,87743534
ozoir,Ozoir-la-Ferrière,87116020
pagny,Pagny-le-Château,87713669
pagny,Pagny-sur-Meuse,87175828
pagny,Pagny-sur-Moselle,87192468
paimpol,Paimpol,87473868
pamiers,Pamiers,87611343
pamproux,Pamproux,87485524
pantin,Pantin,87113209
paray,Paray-le-Monial,87694687
parc des expositions,Parc des Expositions,87271486
parempuyre,Parempuyre,87581710
parent,Parent - Coudes - Champeix,87734194
paris,Paris Gare de Lyon,87686006;87686030
paris,Paris Gare du Nord,87271023;87271007;87271031
paris,Paris Montparnasse,87391003;87391011;87391102
paris,Paris Austerlitz,87547026;87547000
paris,Paris Bercy Bourgogne - Pays d'Auvergne,87686667
paris,Paris Est,87113001
paris,Paris Saint-Lazare,87384008
parsac,Parsac - Gouzon,87597724
pas des lanciers,Pas des Lanciers,87753285
pau,Pau,87672006
pauillac,Pauillac,87581256
paulhaguet,Paulhaguet,87734293
pavilly,Pavilly,87411272
peltre,Peltre,87192203
penhoet,Penhoët,87321745
penne,Penne-d'Agenais,87586438
penthievre,Penthièvre,87476424
pereire,Péreire - Levallois,87381012
perenchies,Pérenchies,87286278
perigueux,Périgueux,87595009
pernes,Pernes - Camblain,87342550
perpignan,Perpignan,87784009
perrignier,Perrignier,87745620
pers,Pers,87645176
persan,Persan - Beaumont,87276469
pertuis,Pertuis,87751362
pessac,Pessac,87581751
pessac alouette,Pessac Alouette,87581793
petit,Petit-Croix,87184267
petit jouy,Petit Jouy - Les Loges,87393504
petit vaux,Petit Vaux,87393652
peyrehorade,Peyrehorade,87672337
peyrilhac,Peyrilhac - Saint-Jouvent,87592428
pezou,Pezou,87574541
phalempin,Phalempin,87286500
pibrac,Pibrac,87611830
picon busserine,Picon Busserine,87759290
picquigny,Picquigny,87313106
pierre,Pierre-Buffière,87592253
pierre,Pierre-Bénite,87722231
pierrefitte,Pierrefitte - Stains,87271163
pierrefitte,Pierrefitte - Stains T11,87697326
pierrelatte,Pierrelatte,87764308
pierrelaye,Pierrelaye,87276097
pignans,Pignans,87755389
pihen,Pihen-lès-Guînes,87316679
pins,Pins-Justaret,87618116
plaisir,Plaisir - Grignon,87393421
plaisir,Plaisir - Les Clayes,87393629
plancoet,Plancoët,87473272
plechatel,Pléchâtel,87471177
plenee,Plénée-Jugon,87473082
plerguer,Plerguer,87478123
plestan,Plestan,87473090
pleudihen,Pleudihen-sur-Rance,87478149
pleyber,Pleyber-Christ,87474320
plouaret tregor,Plouaret Trégor,87473181
plougonver,Plougonver,87473538
plouharnel,Plouharnel - Carnac,87476416
plouigneau,Plouigneau,87474411
plounerin,Plounérin,87473199
plouvara,Plouvara - Plerneuf,87473132
podensac,Podensac,87582734
pointe de grave,Pointe de Grave,87581397
poissy,Poissy,87386573
poitiers,Poitiers,87575001
poix,Poix-de-Picardie,87313395
poix,Poix-Terron,87172171
polienas,Poliénas,87761742
poligny,Poligny,87718189
polliat,Polliat,87725846
pomas,Pomas,87615146
pompey,Pompey,87141788
pons,Pons,87491100
pont,Pont-d'Ain,87743120
pont,Pont-de-Buis,87474056
pont,Pont-de-l'Arche,87415661
pont,Pont-de-Veyle,87725804
pont,Pont-du-Château,87734087
pont,Pont-l'Évêque,87444349
pont,Pont-Melvez,87473520
pont,Pont-Remy,87313130
pont,Pont-Saint-Esprit,87764555
pont,Pont-Saint-Vincent,87141523
pont,Pont-Sainte-Maxence,87276329
pont,Pont-sur-Yonne,87683136
pont,Pont-à-Mousson,87141820
pont,Pont-à-Vendin,87345264
pont cardinet,Pont Cardinet,87381111
pont d'ardres,Pont d'Ardres,87281410
pont de bois,Pont de Bois,87286831
pont de briques,Pont de Briques,87317115
pont de dore,Pont de Dore,87734459
pont de l'alma,Pont de l'Alma,87393041
pont de la deule,Pont de la Deûle,87345207
pont de lignon,Pont de Lignon,87726786
pont de rungis aeroport d'orly,Pont de Rungis Aéroport d'Orly,87546192
pont de sallaumines,Pont de Sallaumines,87345124
pont du garigliano,Pont du Garigliano - Hôpital Européen Georges Pompidou,87393322
pont petit,Pont Petit,87276154
pontanevaux,Pontanevaux,87725721
pontarlier,Pontarlier,87715003
pontchaillou,Pontchaillou,87471391
pontcharra,Pontcharra - Saint-Forgeux,87721464
pontcharra sur breda,Pontcharra sur Bréda,87747493
pontchateau,Pontchâteau,87481846
pontgouin,Pontgouin,87394247
ponthierry,Ponthierry - Pringy,87682526
pontmort,Pontmort,87734103
pontoise,Pontoise,87276139
pontorson,Pontorson - Mont-Saint-Michel,87478263
pontrieux,Pontrieux,87473843
pontrieux halte,Pontrieux Halte,87473835
porchefontaine,Porchefontaine,87393165
pornic,Pornic,87481283
pornichet,Pornichet,87481747
port,Port-Brillet,87478750
port,Port-de-Bouc,87753459
port,Port-de-Piles,87575076
port,Port-la-Nouvelle,87781062
port,Port-Sainte-Marie,87586107
port,Port-Vendres,87784264
port boulet,Port Boulet,87571794
port-saint-pere,Port-Saint-Père - Saint-Mars,87481218
porte,Porté-Puymorens,87611509
porte de clichy,Porte de Clichy,87111278
portet saint,Portet Saint-Simon,87611400
portets,Portets,87582718
pougny,Pougny - Chancy,87745380
pougues,Pougues-les-Eaux,87696211
pouilly,Pouilly-sur-Loire,87696179
pouxeux,Pouxeux,87144428
pouzauges,Pouzauges,87487314
prades,Prades - Molitg-les-Bains,87784637
precy,Précy-sur-Oise,87276410
preignac,Preignac,87582767
presles courcelles,Presles Courcelles,87276501
prin,Prin-Deyrançon,87485268
pringy,Pringy,87746206
prisse,Prissé-la-Charrière,87485359
prouvy,Prouvy - Thiant,87343418
provencheres,Provenchères-sur-Fave,87144345
provins,Provins,87116160
prunay,Prunay,87171629
pruniers,Pruniers-en-Sologne,87576199
puget,Puget-Ville,87755363
puteaux,Puteaux,87382382
puybrun,Puybrun,87594754
puyoo,Puyoô,87672279
quedillac,Quédillac,87473058
questembert,Questembert,87476671
quiberon,Quiberon,87476457
quimper,Quimper,87474098
quimperle,Quimperlé,87476317
quincieux,Quincieux,87721290
rabastens,Rabastens - Coufouleux,87615328
raedersheim,Raedersheim,87182717
raismes,Raismes,87343319
rambouillet,Rambouillet,87393314
ranchot,Ranchot,87718338
rang-du-fliers,Rang-du-Fliers - Verton - Berck,87317057
ranguin,Ranguin,87757732
ranspach,Ranspach,87182402
raon,Raon-l'Étape,87144626
rassuen,Rassuen,87753426
razac,Razac-sur-l'Isle,87595223
reaumont,Réaumont - Saint-Cassien,87747279
recquignies,Recquignies,87295022
reding,Réding,87215079
redon,Redon,87471300
regny,Régny,87721050
reichshoffen,Reichshoffen,87213249
reignac,Reignac-sur-Indre,87571455
reignier,Reignier-Ésery,87746511
reims,Reims,87171009
reims,Reims Maison Blanche,87171272
remilly,Rémilly,87192237
remiremont,Remiremont,87144451
remise a jorelle,Remise à Jorelle,87988709
remy,Remy,87313403
renescure,Renescure,87281451
rennes,Rennes,87471003
rethel,Rethel,87172270
retiers,Retiers,87471359
retournac,Retournac,87734749
reuilly,Reuilly,87597039
revigny,Revigny-sur-Ornain,87175018
revin,Revin,87172080
reze pont rousseau,Rezé Pont Rousseau,87481036
ria,Ria-Sirach,87784660
ribecourt,Ribécourt-Dreslincourt,87276766
riedseltz,Riedseltz,87213462
rieux,Rieux - Angicourt,87276352
rilly,Rilly-la-Montagne,87171595
riom,Riom - Châtel-Guyon,87734053
ris,Ris-Orangis,87681338
rivarennes,Rivarennes,87571653
rive,Rive-de-Gier,87726331
rives,Rives,87747246
rivesaltes,Rivesaltes,87784173
rixheim,Rixheim,87182071
roanne,Roanne,87726802
rocamadour,Rocamadour - Padirac,87613042
roche,Roche-lez-Beaupré,87718403
rochefort,Rochefort,87485144
rochy,Rochy-Condé,87313601
rodez,Rodez,87613422
roeschwoog,Roeschwoog,87212407
rognac,Rognac,87753251
roissy,Roissy-en-Brie,87116038
romaneche,Romanèche-Thorins,87725739
romans,Romans - Bourg-de-Péage,87761650
rombas,Rombas - Clouange,87191734
romilly,Romilly-la-Puthenaye,87387175
romilly,Romilly-sur-Seine,87118158
romorantin,Romorantin-Lanthenay,87576025
ronchamp,Ronchamp,87185314
ronchin,Ronchin,87286534
roppenheim,Roppenheim,87212415
roquebrune,Roquebrune-Cap-Martin,87756460
roqueseriere,Roquesérière - Buzet,87615351
rosa parks,Rosa Parks,87654798
rosheim,Rosheim,87214320
rosieres,Rosières-aux-Salines,87141127
rosieres,Rosières-en-Santerre,87313460
rosny,Rosny-sous-Bois,87113704
rosny,Rosny-sur-Seine,87415885
rosny bois perrier,Rosny Bois Perrier,87113696
rosporden,Rosporden,87474155
rosult,Rosult,87286567
rothau,Rothau,87214726
roubaix,Roubaix,87286732
rouen,Rouen Rive Droite,87411017
rouffach,Rouffach,87182337
rougemont chanteloup,Rougemont Chanteloup,87431791
rouille,Rouillé,87485532
rountzenheim,Rountzenheim,87212373
royan,Royan,87491803
royat,Royat - Chamalières,87734038
rue,Rue,87317404
ruffec,Ruffec,87583849
ruffey,Ruffey-lès-Echirey,87713826
rully,Rully,87712026
rumilly,Rumilly,87746149
ruminghem,Ruminghem,87287300
rungis la fraternelle,Rungis La Fraternelle,87546291
russ hersbach,Russ Hersbach,87214684
rœux,Rœux,87342089
saales,Saales,87214783
sable,Sablé-sur-Sarthe,87396408
saillagouse,Saillagouse,87784835
saillans,Saillans,87761817
saillat,Saillat - Chassenon,87592717
sain,Sain-Bel,87721605
saincaize,Saincaize-Meauce,87696260
sains,Sains-du-Nord,87295709
saint,Saint-Jean-d'Angély,87491357
saint,Saint-Jean-de-Losne,87713651
saint,Saint-Jean-de-Maurienne Arvan,87742320
saint,Saint-Jean-de-Verges,87611624
saint,Saint-Jean-Pied-de-Port,87673723
saint,Saint-Agnan,87694851
saint,Saint-Agne,87611301
saint,Saint-Amand-les-Eaux,87343103
saint,Saint-Amand-Longpré,87574640
saint,Saint-Amarin,87182600
saint,Saint-Amour,87718296
saint,Saint-André-de-Corcy,87723734
saint,Saint-André-de-Cubzac,87491241
saint,Saint-André-le-Gaz,87723494
saint,Saint-André-lez-Lille,87286195
saint,Saint-Antoine,87751826
saint,Saint-Antoine-de-Breuilh,87584201
saint,Saint-Antoine-du-Rocher,87571539
saint,Saint-Armel,87471318
saint,Saint-Astier,87595249
saint,Saint-Aubin-sur-Scie,87415125
saint,Saint-Aulaire,87594622
saint,Saint-Aunès,87773465
saint,Saint-Avold,87193318
saint,Saint-Ay,87574129
saint,Saint-Blaise-la-Roche Poutay,87214742
saint,Saint-Bonnet-de-Rochefort,87641076
saint,Saint-Brice-sur-Vienne,87592691
saint,Saint-Brieuc,87473009
saint,Saint-Chamas,87753202
saint,Saint-Chamond,87726307
saint,Saint-Christophe-Vallon,87613257
saint,Saint-Chély-d'Apcher,87783241
saint,Saint-Chéron,87545509
saint,Saint-Claude,87743633
saint,Saint-Cloud,87382358
saint,Saint-Cyprien,87595777
saint,Saint-Cyprien Arènes,87446179
saint,Saint-Cyr-en-Val La Source,87543116
saint,Saint-Cyr-l'École,87393223
saint,Saint-Césaire,87775072
saint,Saint-Denis-de-Pile,87584508
saint,Saint-Denis-des-Murs,87592097
saint,Saint-Denis-lès-Martel,87594572
saint,Saint-Dizier,87175000
saint,Saint-Dié-des-Vosges,87144014
saint,Saint-Erme-Outre-et-Ramecourt,87171751
saint,Saint-Fargeau-Ponthierry,87682542
saint,Saint-Florent-sur-Cher,87576272
saint,Saint-Fons,87728501
saint,Saint-Féliu-d'Avall,87784520
saint,Saint-Gaudens,87611137
saint,Saint-Geniès-de-Malgoirès,87775361
saint,Saint-Genouph,87571851
saint,Saint-Georges-d'Aurac,87734301
saint,Saint-Georges-de-Commiers,87747568
saint,Saint-Georges-de-Luzençon,87783423
saint,Saint-Georges-de-Reneins,87721340
saint,Saint-Geours-de-Maremne,87673269
saint,Saint-Germain-au-Mont-d'Or,87721282
saint,Saint-Germain-des-Fossés,87732206
saint,Saint-Germain-du-Puy,87576405
saint,Saint-Germain-les-Belles,87592287
saint,Saint-Germain-sur-Ille,87478016
saint,Saint-Gervais-les-Bains Le Fayet,87746479
saint,Saint-Gildas-des-Bois,87476762
saint,Saint-Gilles Lycée Haut-Rhin,87181552
saint,Saint-Gilles-Croix-de-Vie,87486571
saint,Saint-Gratien,87276170
saint,Saint-Hilaire-de-Chaléons,87481234
saint,Saint-Hilaire-de-Riez,87486563
saint,Saint-Hilaire-sur-Helpe,87297531
saint,Saint-Jacques-de-la-Lande,87471052
saint,Saint-Jodard,87726851
saint,Saint-Jory,87611657
saint,Saint-Joseph le Castellas,87759316
saint,Saint-Julien-du-Sault,87683227
saint,Saint-Julien-en-Genevois,87745430
saint,Saint-Junien,87592709
saint,Saint-Just-en-Chaussée,87313270
saint,Saint-Laurent-d'Aigouze,87775841
saint,Saint-Laurent-du-Var,87756346
saint,Saint-Laurent-en-Grandvaux,87715417
saint,Saint-Leu-d'Esserent,87276402
saint,Saint-Leu-la-Forêt,87276600
saint,Saint-Lothain,87718197
saint,Saint-Loubès,87584730
saint,Saint-Louis,87182139
saint,Saint-Louis La Chaussée,87181016
saint,Saint-Léger-sur-Dheune,87694364
saint,Saint-Léon-sur-l'Isle,87595264
saint,Saint-Léonard-de-Noblat,87592071
saint,Saint-Lô,87447003
saint,Saint-Macaire,87582825
saint,Saint-Maixent-L'École,87485490
saint,Saint-Malo,87478107
saint-malo,Saint-Malo,87478107
saint,Saint-Mammès,87682294
saint,Saint-Marcel,87751701
saint,Saint-Marcel en Dombes,87723742
saint,Saint-Marcellin,87761718
saint,Saint-Mars-la-Brière,87396283
saint,Saint-Martin d'Étampes,87545350
saint,Saint-Martin du Touch,87353599
saint,Saint-Martin-d'Oney,87671495
saint,Saint-Martin-de-Crau,87753681
saint,Saint-Martin-du-Mont,87743112
saint,Saint-Martin-le-Beau,87574459
saint,Saint-Martory,87611103
saint,Saint-Mathurin-sur-Loire,87487892
saint,Saint-Maurice-de-Beynost,87723536
saint,Saint-Michel Notre-Dame,87547315
saint,Saint-Michel-sur-Meurthe,87144683
saint,Saint-Michel-sur-Orge,87545202
saint,Saint-Médard-d'Eyrans,87582692
saint,Saint-Médard-de-Guizières,87584607
saint,Saint-Médard-sur-Ille,87478024
saint,Saint-Nabord,87146217
saint,Saint-Nazaire,87481705
saint,Saint-Nom-la-Bretèche Forêt de Marly,87382481
saint,Saint-Nom-la-Bretèche Forêt de Marly T13,87733071
saint,Saint-Omer,87281444
saint,Saint-Omer-en-Chaussée,87313718
saint,Saint-Ouen,87271247
saint,Saint-Ouen-l'Aumône,87276105
saint,Saint-Ouen-l'Aumône Liesse,87337980
saint,Saint-Ouen-l'Aumône Quartier de l'Église,87381426
saint,Saint-Paterne-Racan,87571554
saint,Saint-Patrice,87571810
saint,Saint-Paul-de-Varax,87723783
saint,Saint-Piat,87394148
saint,Saint-Pierre-d'Albigny,87741223
saint,Saint-Pierre-d'Aurillac,87582833
saint,Saint-Pierre-de-Chignac,87595520
saint,Saint-Pierre-des-Corps,87571240
saint,Saint-Pierre-en-Faucigny,87746313
saint,Saint-Pierre-la-Cour,87478768
saint,Saint-Pierre-le-Moûtier,87696294
saint,Saint-Pierre-Quiberon,87476440
saint,Saint-Pierre-sur-Dives,87444216
saint,Saint-Pol-sur-Ternoise,87342337
saint,Saint-Priest,87723353
saint,Saint-Priest-Taurion,87592055
saint,Saint-Pé-de-Bigorre,87671362
saint,Saint-Péray,87761494
saint,Saint-Quentin,87296004
saint,Saint-Quentin-Fallavier,87723387
saint,Saint-Rambert-d'Albon,87761106
saint,Saint-Rambert-en-Bugey,87743740
saint,Saint-Raphaël Valescure,87757526
saint,Saint-Remy-en-l'Eau,87313288
saint,Saint-Roch,87313080
saint,Saint-Romain-de-Popey,87721456
saint,Saint-Romain-le-Puy,87726430
saint,Saint-Rome-de-Cernon,87783431
saint,Saint-Saturnin-lès-Avignon,87765438
saint,Saint-Savinien,87491035
saint,Saint-Saviol,87575365
saint,Saint-Seurin-sur-l'Isle,87584615
saint,Saint-Sulpice (Tarn),87615344
saint,Saint-Sulpice-Laurière,87592345
saint,Saint-Symphorien-de-Marmagne,87694174
saint,Saint-Sébastien,87592493
saint,Saint-Sébastien Frêne Rond,87354597
saint,Saint-Sébastien Pas Enchantés,87354589
saint,Saint-Thégonnec,87474312
saint,Saint-Vallier sur Rhône,87761130
saint,Saint-Victor-l'Abbaye,87415166
saint,Saint-Victurnien,87592683
saint,Saint-Vincent le Château,87734715
saint,Saint-Vincent-de-Tyrosse,87673277
saint,Saint-Vit,87718320
saint,Saint-Yrieix-la-Perche,87592824
saint,Saint-Égrève Saint-Robert,87747352
saint,Saint-Émilion,87584102
saint,Saint-Étienne-de-Montluc,87481812
saint,Saint-Étienne-du-Rouvray,87411215
saint-aignan,Saint-Aignan - Noyers,87574897
saint-aigulin,Saint-Aigulin - La Roche-Chalais,87584540
saint-amand-montrond,Saint-Amand-Montrond - Orval,87576322
saint-aubin,Saint-Aubin - Saint-Luperce,87394213
saint-avre,Saint-Avre - La Chambre,87741306
saint-beron,Saint-Béron - La Bridoire,87741454
saint-clair,Saint-Clair - Les Roches,87722652
saint-clement,Saint-Clément - Laronxe,87141374
saint-cyr les lecques,Saint-Cyr Les Lecques - La Cadière,87755215
saint-denis,Saint-Denis,87271015
saint-etienne,Saint-Étienne Bellevue,87726190
saint-etienne,Saint-Étienne Carnot,87726901
saint-etienne,Saint-Étienne Châteaucreux,87726000
saint-etienne,Saint-Étienne La Terrasse,87726158
saint-etienne,Saint-Étienne Le Clapier,87726174
saint-florentin,Saint-Florentin - Vergigny,87683318
saint-flour,Saint-Flour - Chaudes-Aigues,87783175
saint-hilaire,Saint-Hilaire - Brizambourg,87491324
saint-hilaire,Saint-Hilaire - Saint-Nazaire,87761684
saint-jean-de-luz,Saint-Jean-de-Luz - Ciboure,87677120
saint-julien,Saint-Julien - Clénay,87713834
saint-laurent,Saint-Laurent - Gainneville,87413310
saint-laurent-de-la-pree,Saint-Laurent-de-la-Prée - Fouras,87485136
saint-mariens,Saint-Mariens - Saint-Yzan,87491209
saint-michel,Saint-Michel - Valloire,87742361
saint-quentin en yvelines,Saint-Quentin en Yvelines - Montigny-le-Bretonneux,87393843
saint-senoux,Saint-Senoux - Pléchâtel,87471169
saint-sulpice,Saint-Sulpice - Auteuil,87313684
saint-sulpice,Saint-Sulpice - Izon,87584722
saint-victor,Saint-Victor - Thizy,87721043
sainte,Sainte-Anne,87476648
sainte,Sainte-Bazeille,87586479
sainte,Sainte-Colombe,87715151
sainte,Sainte-Colombe Septveilles,87116178
sainte,Sainte-Cécile-d'Andorge,87775239
sainte,Sainte-Foy-la-Grande,87584193
sainte,Sainte-Gauburge,87444604
sainte,Sainte-Geneviève-des-Bois,87545210
sainte,Sainte-Lizaigne,87597054
sainte,Sainte-Marthe en Provence,87751842
sainte,Sainte-Pazanne,87481226
sainte-eulalie,Sainte-Eulalie - Carbon-Blanc,87491282
sainte-maure,Sainte-Maure - Noyant,87575050
saintes,Saintes,87491001
salbris,Salbris,87543165
sallanches,Sallanches - Combloux - Megève,87746438
sallaumines,Sallaumines,87345215
salles,Salles-Courbatiès,87613877
salome,Salomé,87342451
salon,Salon-de-Provence,87753764
salses,Salses-le-Château,87784157
sannois,Sannois,87276188
sanry,Sanry-sur-Nied,87192229
santenay les bains,Santenay les Bains,87713594
santes,Santes,87286401
santeuil,Santeuil - Le Perchay,87381186
saone,Saône,87718502
sarcelles,Sarcelles - Saint-Brice,87276386
sarlat,Sarlat-la-Canéda,87595827
sarlieve,Sarliève - Cournon,87734152
sarrance,Sarrance,87672766
sarre,Sarre-Union,87215459
sarrebourg,Sarrebourg,87215012
sarreguemines,Sarreguemines,87193615
sartrouville,Sartrouville,87386417
sathonay,Sathonay - Rillieux,87723700
saubusse,Saubusse,87673251
saujon,Saujon,87491811
saulon,Saulon,87713628
saumur,Saumur,87487603
sausset,Sausset-les-Pins,87753558
sauveterre,Sauveterre-la-Lémance,87586495
savenay,Savenay,87481838
savennieres,Savennières - Béhuard,87484329
saverdun,Saverdun,87611368
saverne,Saverne,87212225
savigny,Savigny-sur-Orge,87545236
savigny-le-temple,Savigny-le-Temple - Nandy,87682187
savonnieres,Savonnières,87571844
savy,Savy-Berlette,87342253
sceaux,Sceaux - Boëssé,87396317
scherwiller,Scherwiller,87214205
schirmeck,Schirmeck - La Broque,87214692
schweighouse,Schweighouse-sur-Moder,87213108
schwindratzheim,Schwindratzheim,87212159
seclin,Seclin,87286518
sedan,Sedan,87172254
sees,Sées,87444695
selestat,Sélestat,87214056
selles,Selles-Saint-Denis,87576140
selles,Selles-sur-Cher,87576868
seltz,Seltz,87212431
senas,Sénas,87753715
sennecey,Sennecey-le-Grand,87725614
senozan,Senozan,87725671
sens,Sens,87683003
sept,Sept-Saulx,87171645
septemes,Septèmes-les-Vallons,87751800
serezin,Sérézin-du-Rhône,87722546
serifontaine,Sérifontaine,87381269
sermaise,Sermaise,87545517
sermizelles,Sermizelles - Vézelay,87683722
serqueux,Serqueux,87411470
serquigny,Serquigny,87444315
serres,Serres,87763722
servas,Servas - Lent,87723791
servon,Servon-sur-Vilaine,87471532
servoz,Servoz,87746719
sessenheim,Sessenheim,87212365
sete,Sète,87773200
seugy,Seugy,87272039
seurre,Seurre,87713677
severac,Sévérac,87476754
severac,Sévérac-d'Aveyron,87783365
sevran,Sevran - Livry,87271429
sevran beaudottes,Sevran Beaudottes,87271445
sevres,Sèvres - Ville-d'Avray,87382341
sevres rive gauche,Sèvres Rive Gauche,87393124
seyssel,Seyssel - Corbonod,87745828
sierck,Sierck-les-Bains,87191635
sierentz,Sierentz,87182105
sille,Sillé-le-Guillaume,87396234
simandre,Simandre-sur-Suran,87743336
simiane,Simiane-Collongue,87751438
sin,Sin-le-Noble,87345405
siorac,Siorac-en-Périgord,87595769
sisteron,Sisteron,87751206
soissons,Soissons,87271817
solignac,Solignac - Le Vigen,87592246
sollies,Solliès-Pont,87755330
somain,Somain,87345314
sommery,Sommery,87411462
sorgues,Sorgues - Châteauneuf-du-Pape,87765206
sotteville,Sotteville-lès-Rouen,87411223
souillac,Souillac,87594333
soulac,Soulac-sur-Mer,87581371
soultz,Soultz-sous-Forêts,87213421
souppes,Souppes - Château-Landon,87684217
sous le bois,Sous le Bois,87295543
stade de france saint,Stade de France Saint-Denis,87164780
staffelfelden,Staffelfelden,87182691
stains la cerisaie t11,Stains La Cerisaie T11,87697334
steenbecque,Steenbecque,87342295
steenwerck,Steenwerck,87286161
steinbourg,Steinbourg,87212209
stephansfeld,Stephansfeld,87212126
strasbourg,Strasbourg,87212027
strasbourg,Strasbourg Roethig,87212191
strazeele,Strazeele,87286203
suce,Sucé-sur-Erdre,87590828
suevres,Suèvres,87574236
surdon,Surdon,87444562
suresnes mont valerien,Suresnes Mont Valérien,87382374
surgeres,Surgères,87485227
survilliers,Survilliers - Fosses,87276261
sury,Sury-le-Comtal,87726422
tacoignieres,Tacoignières - Richebourg,87393454
taconnaz,Taconnaz,87746750
tain-l'hermitage,Tain-l'Hermitage - Tournon,87761163
talence medoquine,Talence Médoquine,87748350
tanus,Tanus,87615674
tarare,Tarare,87721472
tarascon,Tarascon,87765354
tarascon,Tarascon-sur-Ariège,87611590
tarbes,Tarbes,87671008
tassin,Tassin,87721514
taverny,Taverny,87276634
teille,Teillé,87396051
templeuve,Templeuve,87286625
tenay,Tenay - Hauteville,87743757
tergnier,Tergnier,87296442
terrasson,Terrasson-Lavilledieu,87594408
tessonnieres,Tessonnières,87615245
teting,Teting-sur-Nied,87193342
thann,Thann,87182568
thann centre,Thann Centre,87472605
thann saint,Thann Saint-Jacques,87182881
thaon,Thaon,87144097
theillay,Theillay,87543199
thenissey,Thenissey,87713099
thenon,Thenon,87595579
theoule,Théoule-sur-Mer,87757583
thesee,Thésée,87328195
thezy,Thézy-Glimont,87316125
thiaville,Thiaville-sur-Meurthe,87141432
thiennes,Thiennes,87342287
thiers,Thiers,87734475
thieux,Thieux - Nantouillet,87272054
thionville,Thionville,87191007
thiviers,Thiviers,87595124
thomery,Thomery,87682252
thonon,Thonon-les-Bains,87745646
thouare,Thouaré-sur-Loire,87481143
thouars,Thouars,87487009
thourotte,Thourotte,87276741
thues carença,Thuès Carença,87784751
thun le paradis,Thun le Paradis,87381822
tieffenbach,Tieffenbach - Struth,87215699
tierce,Tiercé,87484147
tincques,Tincques,87342303
tonnay,Tonnay-Charente,87485151
tonneins,Tonneins,87586651
tonnerre,Tonnerre,87713198
torfou,Torfou-Sèvremoine,87486894
torpes,Torpes - Boussières,87718114
toul,Toul,87141044
toulon,Toulon,87755009
toulon,Toulon Sainte-Musse,87742262
toulouse,Toulouse Matabiau,87611004
tourcoing,Tourcoing,87286542
tournan,Tournan-en-Brie,87116210
tournay,Tournay,87671172
tournemire,Tournemire - Roquefort,87783456
tournus,Tournus,87725622
tours,Tours,87571000
tourville,Tourville-la-Rivière,87411181
toury,Toury,87543074
tracy,Tracy - Sancerre,87696161
traou nez,Traou Nez,87322347
trappes,Trappes,87393835
tregonneau,Trégonneau - Squiffiec,87473819
trelaze,Trélazé,87701532
tremolat,Trémolat,87584474
tricot,Tricot,87313353
trie,Trie-Château,87381236
triel,Triel-sur-Seine,87381806
trilport,Trilport,87116491
trith,Trith-Saint-Léger,87343400
trois chenes,Trois Chênes,87184242
tronsanges,Tronsanges,87696203
trouville,Trouville - Deauville,87444372
troyes,Troyes,87118000
tulle,Tulle,87594499
tullins fures,Tullins Fures,87761759
turckheim,Turckheim,87182352
turenne,Turenne,87594556
uchaud,Uchaud,87775106
uckange,Uckange,87191130
urmatt,Urmatt,87214635
urt,Urt,87672386
urçay,Urçay - La Perche,87576348
us,Us,87381178
ussel,Ussel,87594093
ustaritz jatxou,Ustaritz Jatxou,87673624
uzerche,Uzerche,87594200
vaas,Vaas,87396598
vaires,Vaires - Torcy,87116293
val,Val-de-Reuil,87415877
val,Val-de-Vesle,87171611
val d'argenteuil,Val d'Argenteuil,87381798
val de fontenay,Val de Fontenay,87113712
valdahon,Valdahon,87718544
valdahon camp militaire,Valdahon Camp Militaire,87718601
valence,Valence,87761007
valence d'agen,Valence d'Agen,87611863
valence tgv rhone,Valence TGV Rhône-Alpes Sud,87763029
valenciennes,Valenciennes,87343004
valençay,Valençay,87576215
valergues,Valergues - Lansargues,87773432
valleiry,Valleiry,87745414
valleroy,Valleroy - Moineville,87192732
vallon,Vallon-en-Sully,87641357
vallorcine,Vallorcine,87746875
valmondois,Valmondois,87276535
valognes,Valognes,87447284
vandieres,Vandières,87192476
vannes,Vannes,87476606
vanves,Vanves - Malakoff,87391532
varades,Varades - Saint-Florent le Vieil,87484386
varangeville,Varangéville - Saint-Nicolas,87141101
varennes,Varennes-sur-Allier,87696351
varennes,Varennes-sur-Fouzon,87576231
varetz,Varetz,87594606
varilhes,Varilhes,87611327
vauboyen,Vauboyen,87393538
vaucelles,Vaucelles,87276626
vaucresson,Vaucresson,87382267
vaudagne,Vaudagne,87746727
vaumoise,Vaumoise,87271601
vauvert,Vauvert,87775817
vaux,Vaux-sur-Seine,87381814
vauxaillon,Vauxaillon,87297283
vauzelles,Vauzelles,87691469
vayrac,Vayrac,87594739
vayres,Vayres,87584714
veauche,Veauche - Saint-Galmier,87726208
veigne,Veigné,87571414
velars,Velars-sur-Ouche,87712331
velines,Vélines,87584177
vendenheim,Vendenheim,87212118
vendeuvre,Vendeuvre-sur-Barse,87118257
vendome,Vendôme - Villiers-sur-Loir TGV,87571216
vendome,Vendôme,87574558
venerque,Venerque - Vernet,87611392
venissieux,Vénissieux,87723320
verdun,Verdun,87175778
veretz,Véretz - Montlouis,87574434
vergeze,Vergèze - Codognan,87775114
vermenton,Vermenton,87683664
vern,Vern-sur-Seiche,87471029
vernaison,Vernaison,87722264
verneuil,Verneuil-l'Étang,87116079
verneuil,Verneuil-sur-Avre,87393595
vernon,Vernon - Giverny,87415604
vernou,Vernou-la-Celle-sur-Seine,87682468
vernouillet,Vernouillet - Verneuil,87386656
verrey,Verrey-sous-Salmaise,87713081
versailles chantiers,Versailles Chantiers,87393009
versailles chateau rive gauche,Versailles Château Rive Gauche,87393157
versailles rive droite,Versailles Rive Droite,87382861
versigny,Versigny,87296608
vert galant,Vert Galant,87271437
vertaizon,Vertaizon,87734426
vertou,Vertou,87481408
verzeille,Verzeille,87615138
vesoul,Vesoul,87185009
veuves,Veuves - Monteaux,87574327
veynes devoluy,Veynes Dévoluy,87763300
viaduc sainte,Viaduc Sainte-Marie,87746735
viarmes,Viarmes,87276568
vias,Vias,87781260
vic,Vic - Mireval,87773531
vic,Vic-le-Comte,87734186
vic,Vic-sur-Cère,87645440
vichy,Vichy,87732008
vidauban,Vidauban,87755421
vieilleville,Vieilleville,87597633
vielmur,Vielmur-sur-Agout,87615492
vienne,Vienne,87722587
vierzon,Vierzon,87576009
vierzon forges,Vierzon Forges,87576090
vierzy,Vierzy,87271783
vieux,Vieux-Thann,87182550
vieux,Vieux-Thann Zone Industrielle,87181289
vif,Vif,87747576
vigeois,Vigeois,87594218
vigneux,Vigneux-sur-Seine,87681304
vignory,Vignory,87142232
villabe,Villabé,87681619
villaines,Villaines-sous-Bois,87272021
villars,Villars-les-Dombes,87723759
villedieu,Villedieu-les-Poêles,87447698
villefort,Villefort,87775197
villefranche,Villefranche - Vernet-les-Bains,87784686
villefranche,Villefranche-de-Lauragais,87615013
villefranche,Villefranche-de-Rouergue,87613893
villefranche,Villefranche-du-Périgord,87595892
villefranche,Villefranche-sur-Cher,87576884
villefranche,Villefranche-sur-Mer,87756361
villefranche,Villefranche-sur-Saône,87721332
villefranque,Villefranque,87673616
villeherviers,Villeherviers,87576165
villenave,Villenave-d'Ornon,87581835
villeneuve,Villeneuve-la-Comtesse,87491258
villeneuve,Villeneuve-la-Guyard,87683102
villeneuve,Villeneuve-le-Roi,87545277
villeneuve,Villeneuve-Loubet,87756304
villeneuve,Villeneuve-lès-Maguelone,87773515
villeneuve,Villeneuve-Saint-Georges,87681825
villeneuve,Villeneuve-sur-Allier,87696310
villeneuve,Villeneuve-sur-Yonne,87683219
villeneuve triage,Villeneuve Triage,87681809
villennes,Villennes-sur-Seine,87386649
villenouvelle,Villenouvelle,87618215
villeparisis,Villeparisis - Mitry-le-Neuf,87271510
villeperdue,Villeperdue,87575043
villepinte,Villepinte,87271452
villepreux,Villepreux - Les Clayes,87393413
villereversure,Villereversure,87743328
villers,Villers-Bretonneux,87313437
villers,Villers-Cotterêts,87271734
villers,Villers-Saint-Paul,87276378
villers,Villers-Saint-Sépulcre,87313593
villers,Villers-sur-Mer,87444398
villetaneuse universite,Villetaneuse Université,87697318
villiers,Villiers - Neauphle - Pontchartrain,87393884
villiers montbarbin,Villiers Montbarbin,87116749
villiers-le-bel,Villiers-le-Bel - Gonesse - Arnouville,87276220
villiers-sur-marne,Villiers-sur-Marne - Le Plessis-Trévise,87113795
vimy,Vimy,87342576
vinay,Vinay,87761726
vincelles,Vincelles,87683631
vincey,Vincey,87144063
vinça,Vinça,87784611
vions,Vions - Chanaz,87741108
vire,Vire,87448159
vireux,Vireux-Molhain,87172114
virieu sur bourbre,Virieu sur Bourbre,87747204
virieu-le-grand,Virieu-le-Grand - Belley,87741504
viroflay rive droite,Viroflay Rive Droite,87382887
viroflay rive gauche,Viroflay Rive Gauche,87393215
viry,Viry-Châtillon,87681312
viry,Viry-Noureuil,87297051
vis a marles,Vis à Marles,87342535
vitre,Vitré,87471508
vitrolles aeroport marseille provence,Vitrolles Aéroport Marseille Provence,87439554
vitry,Vitry-en-Artois,87342113
vitry,Vitry-le-François,87174276
vitry,Vitry-sur-Seine,87545293
vittel,Vittel,87144279
viviers,Viviers-du-Lac,87741140
viviez,Viviez - Decazeville,87613661
vivoin,Vivoin - Beaumont,87396077
vivonne,Vivonne,87575290
voiron,Voiron,87747287
voivres,Voivres-lès-le-Mans,87396358
volvic,Volvic,87641423
vonnas,Vonnas,87725820
voreppe,Voreppe,87747337
vorey,Vorey,87734723
vosves,Vosves,87682500
vougeot,Vougeot - Gilly-lès-Cîteaux,87713511
voujeaucourt,Voujeaucourt,87184531
voutre,Voutré,87478560
voves,Voves,87545707
vrigne,Vrigne-Meuse,87172221
vulaines-sur-seine,Vulaines-sur-Seine - Samoreau,87682443
wacquemoulin,Wacquemoulin,87316208
walbach,Walbach,87182360
walbourg,Walbourg,87213405
walheim,Walheim,87181065
waligator parc,Waligator Parc,87191098
wallers,Wallers,87343301
wambaix,Wambaix,87345595
watten,Watten - Éperlecques,87281436
wattignies,Wattignies - Templemars,87286526
wavrin,Wavrin,87286419
wesserling,Wesserling,87182618
weyersheim,Weyersheim,87213678
wihr-au-val,Wihr-au-Val - Soultzbach,87182378
willer,Willer-sur-Thur,87182584
wilwisheim,Wilwisheim,87212175
wimille,Wimille - Wimereux,87317123
wingen,Wingen-sur-Moder,87213744
wisches,Wisches,87214676
wissembourg,Wissembourg,87213470
woippy,Woippy,87192088
xertigny,Xertigny,87144121
ychoux,Ychoux,87582536
yerres,Yerres,87682112
yffiniac,Yffiniac,87473116
ygos,Ygos-Saint-Saturnin,87671487
ytrac,Ytrac,87645101
yvetot,Yvetot,87413385
zillisheim,Zillisheim,87182196
